	contamination	dim_reducer	doc2vec_data_frac	doc2vec_epochs	doc2vec_min_count	f1_macro	fraction	in_f1	model_name	model_path	model_train_data	model_type	out_f1	out_prec	out_rec	outlier_detector	seed	time	metric	n_components	set_op_mix_ratio
0	0.1	<eval_cluster_config.NoReduction object at 0x7f6629b4acf8>	1.0	100.0	1.0	0.5007471448566413	1.0	0.895781711795086	doc2vecapnews	/home/philipp/projects/dad4td/models/apnews_dbow/doc2vec.bin	apnews	doc2vec	0.10571257791819656	0.11033868092691622	0.1014587772496312	AE_1_mono	42.0	8.91020986501826			
1	0.1	<eval_cluster_config.NoReduction object at 0x7f6629b4acf8>	1.0	100.0	1.0	0.4989455380807384	1.0	0.8954145603630139	doc2vecapnews	/home/philipp/projects/dad4td/models/apnews_dbow/doc2vec.bin	apnews	doc2vec	0.10247651579846286	0.10697093956141915	0.09834453368300279	AE_3_duo_as	42.0	13.054635948967189			
2	0.1	<eval_cluster_config.NoReduction object at 0x7f6629b4acf8>	1.0	100.0	1.0	0.4997937354130371	1.0	0.8955826889970246	doc2vecapnews	/home/philipp/projects/dad4td/models/apnews_dbow/doc2vec.bin	apnews	doc2vec	0.10400478182904961	0.10855614973262032	0.09981970168824783	AE_2_mono	42.0	9.91593798698159			
3	0.1	<eval_cluster_config.NoReduction object at 0x7f6629b4acf8>	1.0	100.0	1.0	0.49931703069123495	1.0	0.8954831775979938	doc2vecapnews	/home/philipp/projects/dad4td/models/apnews_dbow/doc2vec.bin	apnews	doc2vec	0.10315088378447615	0.10766488413547237	0.09900016390755614	AE_3_mono	42.0	13.47124992404133			
4	0.1	<eval_cluster_config.NoReduction object at 0x7f6629b4acf8>	1.0	100.0	1.0	0.4989356669137934	1.0	0.8954035684787693	doc2vecapnews	/home/philipp/projects/dad4td/models/apnews_dbow/doc2vec.bin	apnews	doc2vec	0.10246776534881737	0.10695187165775401	0.09834453368300279	AE_5_mono	42.0	20.567307685036212			
5	0.1	<eval_cluster_config.NoReduction object at 0x7f6629b4acf8>	1.0	100.0	1.0	0.49855430313635163	1.0	0.8953239593595447	doc2vecapnews	/home/philipp/projects/dad4td/models/apnews_dbow/doc2vec.bin	apnews	doc2vec	0.10178464691315857	0.10623885918003564	0.09768890345844944	AE_10_mono	42.0	37.5563230580301			
6	0.1	<eval_cluster_config.NoReduction object at 0x7f6629b4acf8>	1.0	100.0	1.0	0.4991263488025141	1.0	0.8954433730383815	doc2vecapnews	/home/philipp/projects/dad4td/models/apnews_dbow/doc2vec.bin	apnews	doc2vec	0.10280932456664674	0.1073083778966132	0.09867234879527946	AE_1_duo	42.0	6.284267283976078			
7	0.1	<eval_cluster_config.NoReduction object at 0x7f6629b4acf8>	1.0	100.0	1.0	0.49903100785815374	1.0	0.8954234707585754	doc2vecapnews	/home/philipp/projects/dad4td/models/apnews_dbow/doc2vec.bin	apnews	doc2vec	0.10263854495773203	0.1071301247771836	0.09850844123914113	AE_2_duo	42.0	9.887206916988362			
8	0.1	<eval_cluster_config.NoReduction object at 0x7f6629b4acf8>	1.0	100.0	1.0	0.4991263488025141	1.0	0.8954433730383815	doc2vecapnews	/home/philipp/projects/dad4td/models/apnews_dbow/doc2vec.bin	apnews	doc2vec	0.10280932456664674	0.1073083778966132	0.09867234879527946	AE_3_duo	42.0	13.08792626101058			
9	0.1	<eval_cluster_config.NoReduction object at 0x7f6629b4acf8>	1.0	100.0	1.0	0.49884032596943284	1.0	0.895383666198963	doc2vecapnews	/home/philipp/projects/dad4td/models/apnews_dbow/doc2vec.bin	apnews	doc2vec	0.10229698573990266	0.10677361853832443	0.09818062612686444	AE_5_duo	42.0	19.932590382988565			
10	0.1	<eval_cluster_config.NoReduction object at 0x7f6629b4acf8>	1.0	100.0	1.0	0.49855430313635163	1.0	0.8953239593595447	doc2vecapnews	/home/philipp/projects/dad4td/models/apnews_dbow/doc2vec.bin	apnews	doc2vec	0.10178464691315857	0.10623885918003564	0.09768890345844944	AE_10_duo	42.0	36.63623307796661			
11	0.1	<eval_cluster_config.NoReduction object at 0x7f6629b4acf8>	1.0	100.0	1.0	0.4991263488025141	1.0	0.8954433730383815	doc2vecapnews	/home/philipp/projects/dad4td/models/apnews_dbow/doc2vec.bin	apnews	doc2vec	0.10280932456664674	0.1073083778966132	0.09867234879527946	AE_1_micro	42.0	6.25210345099913			
12	0.1	<eval_cluster_config.NoReduction object at 0x7f6629b4acf8>	1.0	100.0	1.0	0.49903100785815374	1.0	0.8954234707585754	doc2vecapnews	/home/philipp/projects/dad4td/models/apnews_dbow/doc2vec.bin	apnews	doc2vec	0.10263854495773203	0.1071301247771836	0.09850844123914113	AE_2_micro	42.0	9.749310979037546			
13	0.1	<eval_cluster_config.NoReduction object at 0x7f6629b4acf8>	1.0	100.0	1.0	0.4989356669137934	1.0	0.8954035684787693	doc2vecapnews	/home/philipp/projects/dad4td/models/apnews_dbow/doc2vec.bin	apnews	doc2vec	0.10246776534881737	0.10695187165775401	0.09834453368300279	AE_3_micro	42.0	13.379962274979334			
14	0.1	<eval_cluster_config.NoReduction object at 0x7f6629b4acf8>	1.0	100.0	1.0	0.4991263488025141	1.0	0.8954433730383815	doc2vecapnews	/home/philipp/projects/dad4td/models/apnews_dbow/doc2vec.bin	apnews	doc2vec	0.10280932456664674	0.1073083778966132	0.09867234879527946	AE_1_tiny	42.0	6.591565721028019			
15	0.1	<eval_cluster_config.NoReduction object at 0x7f6629b4acf8>	1.0	100.0	1.0	0.49903100785815374	1.0	0.8954234707585754	doc2vecapnews	/home/philipp/projects/dad4td/models/apnews_dbow/doc2vec.bin	apnews	doc2vec	0.10263854495773203	0.1071301247771836	0.09850844123914113	AE_2_tiny	42.0	9.834283038042486			
16	0.1	<eval_cluster_config.NoReduction object at 0x7f6629b4acf8>	1.0	100.0	1.0	0.49884032596943284	1.0	0.895383666198963	doc2vecapnews	/home/philipp/projects/dad4td/models/apnews_dbow/doc2vec.bin	apnews	doc2vec	0.10229698573990266	0.10677361853832443	0.09818062612686444	AE_3_tiny	42.0	13.3579296960379			
17	0.1	UMAPModel(set_op_mix_ratio=[1.0], metric=['cosine'], n_components=[256, 299, 300], dim_reducer='umap')	1.0	100.0	1.0	0.958383677786675	1.0	0.9913126548646147	doc2vecapnews	/home/philipp/projects/dad4td/models/apnews_dbow/doc2vec.bin	apnews	doc2vec	0.9254547007087354	0.9659536541889483	0.8882150467136535	AE_1_mono	42.0	16.829613824025728	cosine	256.0	1.0
18	0.1	UMAPModel(set_op_mix_ratio=[1.0], metric=['cosine'], n_components=[256, 299, 300], dim_reducer='umap')	1.0	100.0	1.0	0.9580976549535938	1.0	0.9912529480251963	doc2vecapnews	/home/philipp/projects/dad4td/models/apnews_dbow/doc2vec.bin	apnews	doc2vec	0.9249423618819914	0.9654188948306596	0.8877233240452385	AE_3_duo_as	42.0	12.593192077009007	cosine	256.0	1.0
19	0.1	UMAPModel(set_op_mix_ratio=[1.0], metric=['cosine'], n_components=[256, 299, 300], dim_reducer='umap')	1.0	100.0	1.0	0.958383677786675	1.0	0.9913126548646147	doc2vecapnews	/home/philipp/projects/dad4td/models/apnews_dbow/doc2vec.bin	apnews	doc2vec	0.9254547007087354	0.9659536541889483	0.8882150467136535	AE_2_mono	42.0	9.533871578983963	cosine	256.0	1.0
20	0.1	UMAPModel(set_op_mix_ratio=[1.0], metric=['cosine'], n_components=[256, 299, 300], dim_reducer='umap')	1.0	100.0	1.0	0.9582883368423146	1.0	0.9912927525848085	doc2vecapnews	/home/philipp/projects/dad4td/models/apnews_dbow/doc2vec.bin	apnews	doc2vec	0.9252839210998207	0.9657754010695188	0.8880511391575152	AE_3_mono	42.0	12.023682600003667	cosine	256.0	1.0
21	0.1	UMAPModel(set_op_mix_ratio=[1.0], metric=['cosine'], n_components=[256, 299, 300], dim_reducer='umap')	1.0	100.0	1.0	0.9580976549535938	1.0	0.9912529480251963	doc2vecapnews	/home/philipp/projects/dad4td/models/apnews_dbow/doc2vec.bin	apnews	doc2vec	0.9249423618819914	0.9654188948306596	0.8877233240452385	AE_5_mono	42.0	18.55997408996336	cosine	256.0	1.0
22	0.1	UMAPModel(set_op_mix_ratio=[1.0], metric=['cosine'], n_components=[256, 299, 300], dim_reducer='umap')	1.0	100.0	1.0	0.9580976549535938	1.0	0.9912529480251963	doc2vecapnews	/home/philipp/projects/dad4td/models/apnews_dbow/doc2vec.bin	apnews	doc2vec	0.9249423618819914	0.9654188948306596	0.8877233240452385	AE_10_mono	42.0	32.233713480993174	cosine	256.0	1.0
23	0.1	UMAPModel(set_op_mix_ratio=[1.0], metric=['cosine'], n_components=[256, 299, 300], dim_reducer='umap')	1.0	100.0	1.0	0.9581929958979543	1.0	0.9912728503050025	doc2vecapnews	/home/philipp/projects/dad4td/models/apnews_dbow/doc2vec.bin	apnews	doc2vec	0.925113141490906	0.9655971479500891	0.8878872316013768	AE_1_duo	42.0	8.979082151025068	cosine	256.0	1.0
24	0.1	UMAPModel(set_op_mix_ratio=[1.0], metric=['cosine'], n_components=[256, 299, 300], dim_reducer='umap')	1.0	100.0	1.0	0.9581929958979543	1.0	0.9912728503050025	doc2vecapnews	/home/philipp/projects/dad4td/models/apnews_dbow/doc2vec.bin	apnews	doc2vec	0.925113141490906	0.9655971479500891	0.8878872316013768	AE_2_duo	42.0	8.947012688964605	cosine	256.0	1.0
25	0.1	UMAPModel(set_op_mix_ratio=[1.0], metric=['cosine'], n_components=[256, 299, 300], dim_reducer='umap')	1.0	100.0	1.0	0.9582883368423146	1.0	0.9912927525848085	doc2vecapnews	/home/philipp/projects/dad4td/models/apnews_dbow/doc2vec.bin	apnews	doc2vec	0.9252839210998207	0.9657754010695188	0.8880511391575152	AE_3_duo	42.0	11.821698220039252	cosine	256.0	1.0
26	0.1	UMAPModel(set_op_mix_ratio=[1.0], metric=['cosine'], n_components=[256, 299, 300], dim_reducer='umap')	1.0	100.0	1.0	0.9580976549535938	1.0	0.9912529480251963	doc2vecapnews	/home/philipp/projects/dad4td/models/apnews_dbow/doc2vec.bin	apnews	doc2vec	0.9249423618819914	0.9654188948306596	0.8877233240452385	AE_5_duo	42.0	18.028734104009345	cosine	256.0	1.0
27	0.1	UMAPModel(set_op_mix_ratio=[1.0], metric=['cosine'], n_components=[256, 299, 300], dim_reducer='umap')	1.0	100.0	1.0	0.9580976549535938	1.0	0.9912529480251963	doc2vecapnews	/home/philipp/projects/dad4td/models/apnews_dbow/doc2vec.bin	apnews	doc2vec	0.9249423618819914	0.9654188948306596	0.8877233240452385	AE_10_duo	42.0	32.83509318396682	cosine	256.0	1.0
28	0.1	UMAPModel(set_op_mix_ratio=[1.0], metric=['cosine'], n_components=[256, 299, 300], dim_reducer='umap')	1.0	100.0	1.0	0.9581929958979543	1.0	0.9912728503050025	doc2vecapnews	/home/philipp/projects/dad4td/models/apnews_dbow/doc2vec.bin	apnews	doc2vec	0.925113141490906	0.9655971479500891	0.8878872316013768	AE_1_micro	42.0	6.212737096007913	cosine	256.0	1.0
29	0.1	UMAPModel(set_op_mix_ratio=[1.0], metric=['cosine'], n_components=[256, 299, 300], dim_reducer='umap')	1.0	100.0	1.0	0.9580976549535938	1.0	0.9912529480251963	doc2vecapnews	/home/philipp/projects/dad4td/models/apnews_dbow/doc2vec.bin	apnews	doc2vec	0.9249423618819914	0.9654188948306596	0.8877233240452385	AE_2_micro	42.0	8.647813137969933	cosine	256.0	1.0
30	0.1	UMAPModel(set_op_mix_ratio=[1.0], metric=['cosine'], n_components=[256, 299, 300], dim_reducer='umap')	1.0	100.0	1.0	0.9580976549535938	1.0	0.9912529480251963	doc2vecapnews	/home/philipp/projects/dad4td/models/apnews_dbow/doc2vec.bin	apnews	doc2vec	0.9249423618819914	0.9654188948306596	0.8877233240452385	AE_3_micro	42.0	11.576161595003214	cosine	256.0	1.0
31	0.1	UMAPModel(set_op_mix_ratio=[1.0], metric=['cosine'], n_components=[256, 299, 300], dim_reducer='umap')	1.0	100.0	1.0	0.9581929958979543	1.0	0.9912728503050025	doc2vecapnews	/home/philipp/projects/dad4td/models/apnews_dbow/doc2vec.bin	apnews	doc2vec	0.925113141490906	0.9655971479500891	0.8878872316013768	AE_1_tiny	42.0	5.827963014016859	cosine	256.0	1.0
32	0.1	UMAPModel(set_op_mix_ratio=[1.0], metric=['cosine'], n_components=[256, 299, 300], dim_reducer='umap')	1.0	100.0	1.0	0.9580976549535938	1.0	0.9912529480251963	doc2vecapnews	/home/philipp/projects/dad4td/models/apnews_dbow/doc2vec.bin	apnews	doc2vec	0.9249423618819914	0.9654188948306596	0.8877233240452385	AE_2_tiny	42.0	11.818839914049022	cosine	256.0	1.0
33	0.1	UMAPModel(set_op_mix_ratio=[1.0], metric=['cosine'], n_components=[256, 299, 300], dim_reducer='umap')	1.0	100.0	1.0	0.9580976549535938	1.0	0.9912529480251963	doc2vecapnews	/home/philipp/projects/dad4td/models/apnews_dbow/doc2vec.bin	apnews	doc2vec	0.9249423618819914	0.9654188948306596	0.8877233240452385	AE_3_tiny	42.0	12.039182877982967	cosine	256.0	1.0
34	0.1	UMAPModel(set_op_mix_ratio=[1.0], metric=['cosine'], n_components=[256, 299, 300], dim_reducer='umap')	1.0	100.0	1.0	0.9596231100633605	1.0	0.9915713845020947	doc2vecapnews	/home/philipp/projects/dad4td/models/apnews_dbow/doc2vec.bin	apnews	doc2vec	0.9276748356246264	0.968270944741533	0.8903458449434519	AE_1_mono	42.0	11.714412357949186	cosine	299.0	1.0
35	0.1	UMAPModel(set_op_mix_ratio=[1.0], metric=['cosine'], n_components=[256, 299, 300], dim_reducer='umap')	1.0	100.0	1.0	0.9602904966738834	1.0	0.9917107004607377	doc2vecapnews	/home/philipp/projects/dad4td/models/apnews_dbow/doc2vec.bin	apnews	doc2vec	0.9288702928870292	0.9695187165775401	0.8914931978364202	AE_3_duo_as	42.0	13.9386374130263	cosine	299.0	1.0
36	0.1	UMAPModel(set_op_mix_ratio=[1.0], metric=['cosine'], n_components=[256, 299, 300], dim_reducer='umap')	1.0	100.0	1.0	0.9598137919520814	1.0	0.991611189061707	doc2vecapnews	/home/philipp/projects/dad4td/models/apnews_dbow/doc2vec.bin	apnews	doc2vec	0.9280163948424558	0.9686274509803922	0.8906736600557286	AE_2_mono	42.0	10.765414794965181	cosine	299.0	1.0
37	0.1	UMAPModel(set_op_mix_ratio=[1.0], metric=['cosine'], n_components=[256, 299, 300], dim_reducer='umap')	1.0	100.0	1.0	0.9602904966738834	1.0	0.9917107004607377	doc2vecapnews	/home/philipp/projects/dad4td/models/apnews_dbow/doc2vec.bin	apnews	doc2vec	0.9288702928870292	0.9695187165775401	0.8914931978364202	AE_3_mono	42.0	14.078464869991876	cosine	299.0	1.0
38	0.1	UMAPModel(set_op_mix_ratio=[1.0], metric=['cosine'], n_components=[256, 299, 300], dim_reducer='umap')	1.0	100.0	1.0	0.9602904966738834	1.0	0.9917107004607377	doc2vecapnews	/home/philipp/projects/dad4td/models/apnews_dbow/doc2vec.bin	apnews	doc2vec	0.9288702928870292	0.9695187165775401	0.8914931978364202	AE_5_mono	42.0	20.805310309980996	cosine	299.0	1.0
39	0.1	UMAPModel(set_op_mix_ratio=[1.0], metric=['cosine'], n_components=[256, 299, 300], dim_reducer='umap')	1.0	100.0	1.0	0.9603858376182439	1.0	0.9917306027405439	doc2vecapnews	/home/philipp/projects/dad4td/models/apnews_dbow/doc2vec.bin	apnews	doc2vec	0.929041072495944	0.9696969696969697	0.8916571053925586	AE_10_mono	42.0	37.95715890603606	cosine	299.0	1.0
40	0.1	UMAPModel(set_op_mix_ratio=[1.0], metric=['cosine'], n_components=[256, 299, 300], dim_reducer='umap')	1.0	100.0	1.0	0.9599091328964419	1.0	0.9916310913415133	doc2vecapnews	/home/philipp/projects/dad4td/models/apnews_dbow/doc2vec.bin	apnews	doc2vec	0.9281871744513704	0.9688057040998217	0.8908375676118669	AE_1_duo	42.0	7.513897018972784	cosine	299.0	1.0
41	0.1	UMAPModel(set_op_mix_ratio=[1.0], metric=['cosine'], n_components=[256, 299, 300], dim_reducer='umap')	1.0	100.0	1.0	0.9601951557295232	1.0	0.9916907981809318	doc2vecapnews	/home/philipp/projects/dad4td/models/apnews_dbow/doc2vec.bin	apnews	doc2vec	0.9286995132781147	0.9693404634581105	0.891329290280282	AE_2_duo	42.0	10.76009376096772	cosine	299.0	1.0
42	0.1	UMAPModel(set_op_mix_ratio=[1.0], metric=['cosine'], n_components=[256, 299, 300], dim_reducer='umap')	1.0	100.0	1.0	0.9603858376182439	1.0	0.9917306027405439	doc2vecapnews	/home/philipp/projects/dad4td/models/apnews_dbow/doc2vec.bin	apnews	doc2vec	0.929041072495944	0.9696969696969697	0.8916571053925586	AE_3_duo	42.0	13.72404475096846	cosine	299.0	1.0
43	0.1	UMAPModel(set_op_mix_ratio=[1.0], metric=['cosine'], n_components=[256, 299, 300], dim_reducer='umap')	1.0	100.0	1.0	0.9603858376182439	1.0	0.9917306027405439	doc2vecapnews	/home/philipp/projects/dad4td/models/apnews_dbow/doc2vec.bin	apnews	doc2vec	0.929041072495944	0.9696969696969697	0.8916571053925586	AE_5_duo	42.0	24.85438813903602	cosine	299.0	1.0
44	0.1	UMAPModel(set_op_mix_ratio=[1.0], metric=['cosine'], n_components=[256, 299, 300], dim_reducer='umap')	1.0	100.0	1.0	0.9604811785626044	1.0	0.9917505050203501	doc2vecapnews	/home/philipp/projects/dad4td/models/apnews_dbow/doc2vec.bin	apnews	doc2vec	0.9292118521048588	0.9698752228163993	0.891821012948697	AE_10_duo	42.0	38.73185589298373	cosine	299.0	1.0
45	0.1	UMAPModel(set_op_mix_ratio=[1.0], metric=['cosine'], n_components=[256, 299, 300], dim_reducer='umap')	1.0	100.0	1.0	0.9602904966738834	1.0	0.9917107004607377	doc2vecapnews	/home/philipp/projects/dad4td/models/apnews_dbow/doc2vec.bin	apnews	doc2vec	0.9288702928870292	0.9695187165775401	0.8914931978364202	AE_1_micro	42.0	6.5612254529842176	cosine	299.0	1.0
46	0.1	UMAPModel(set_op_mix_ratio=[1.0], metric=['cosine'], n_components=[256, 299, 300], dim_reducer='umap')	1.0	100.0	1.0	0.9603858376182439	1.0	0.9917306027405439	doc2vecapnews	/home/philipp/projects/dad4td/models/apnews_dbow/doc2vec.bin	apnews	doc2vec	0.929041072495944	0.9696969696969697	0.8916571053925586	AE_2_micro	42.0	10.198580326978117	cosine	299.0	1.0
47	0.1	UMAPModel(set_op_mix_ratio=[1.0], metric=['cosine'], n_components=[256, 299, 300], dim_reducer='umap')	1.0	100.0	1.0	0.9603858376182439	1.0	0.9917306027405439	doc2vecapnews	/home/philipp/projects/dad4td/models/apnews_dbow/doc2vec.bin	apnews	doc2vec	0.929041072495944	0.9696969696969697	0.8916571053925586	AE_3_micro	42.0	13.685191668977495	cosine	299.0	1.0
48	0.1	UMAPModel(set_op_mix_ratio=[1.0], metric=['cosine'], n_components=[256, 299, 300], dim_reducer='umap')	1.0	100.0	1.0	0.9602904966738834	1.0	0.9917107004607377	doc2vecapnews	/home/philipp/projects/dad4td/models/apnews_dbow/doc2vec.bin	apnews	doc2vec	0.9288702928870292	0.9695187165775401	0.8914931978364202	AE_1_tiny	42.0	6.6238625650294125	cosine	299.0	1.0
49	0.1	UMAPModel(set_op_mix_ratio=[1.0], metric=['cosine'], n_components=[256, 299, 300], dim_reducer='umap')	1.0	100.0	1.0	0.9603858376182439	1.0	0.9917306027405439	doc2vecapnews	/home/philipp/projects/dad4td/models/apnews_dbow/doc2vec.bin	apnews	doc2vec	0.929041072495944	0.9696969696969697	0.8916571053925586	AE_2_tiny	42.0	10.064979597984347	cosine	299.0	1.0
50	0.1	UMAPModel(set_op_mix_ratio=[1.0], metric=['cosine'], n_components=[256, 299, 300], dim_reducer='umap')	1.0	100.0	1.0	0.9603858376182439	1.0	0.9917306027405439	doc2vecapnews	/home/philipp/projects/dad4td/models/apnews_dbow/doc2vec.bin	apnews	doc2vec	0.929041072495944	0.9696969696969697	0.8916571053925586	AE_3_tiny	42.0	13.79887267795857	cosine	299.0	1.0
51	0.1	UMAPModel(set_op_mix_ratio=[1.0], metric=['cosine'], n_components=[256, 299, 300], dim_reducer='umap')	1.0	100.0	1.0	0.958383677786675	1.0	0.9913126548646147	doc2vecapnews	/home/philipp/projects/dad4td/models/apnews_dbow/doc2vec.bin	apnews	doc2vec	0.9254547007087354	0.9659536541889483	0.8882150467136535	AE_1_mono	42.0	14.424414583016187	cosine	300.0	1.0
52	0.1	UMAPModel(set_op_mix_ratio=[1.0], metric=['cosine'], n_components=[256, 299, 300], dim_reducer='umap')	1.0	100.0	1.0	0.9584790187310355	1.0	0.9913325571444208	doc2vecapnews	/home/philipp/projects/dad4td/models/apnews_dbow/doc2vec.bin	apnews	doc2vec	0.9256254803176501	0.966131907308378	0.8883789542697919	AE_3_duo_as	42.0	14.288307790993713	cosine	300.0	1.0
53	0.1	UMAPModel(set_op_mix_ratio=[1.0], metric=['cosine'], n_components=[256, 299, 300], dim_reducer='umap')	1.0	100.0	1.0	0.9584790187310355	1.0	0.9913325571444208	doc2vecapnews	/home/philipp/projects/dad4td/models/apnews_dbow/doc2vec.bin	apnews	doc2vec	0.9256254803176501	0.966131907308378	0.8883789542697919	AE_2_mono	42.0	11.636882760969456	cosine	300.0	1.0
54	0.1	UMAPModel(set_op_mix_ratio=[1.0], metric=['cosine'], n_components=[256, 299, 300], dim_reducer='umap')	1.0	100.0	1.0	0.9584790187310355	1.0	0.9913325571444208	doc2vecapnews	/home/philipp/projects/dad4td/models/apnews_dbow/doc2vec.bin	apnews	doc2vec	0.9256254803176501	0.966131907308378	0.8883789542697919	AE_3_mono	42.0	16.4909723320161	cosine	300.0	1.0
55	0.1	UMAPModel(set_op_mix_ratio=[1.0], metric=['cosine'], n_components=[256, 299, 300], dim_reducer='umap')	1.0	100.0	1.0	0.9584790187310355	1.0	0.9913325571444208	doc2vecapnews	/home/philipp/projects/dad4td/models/apnews_dbow/doc2vec.bin	apnews	doc2vec	0.9256254803176501	0.966131907308378	0.8883789542697919	AE_5_mono	42.0	20.64106825098861	cosine	300.0	1.0
56	0.1	UMAPModel(set_op_mix_ratio=[1.0], metric=['cosine'], n_components=[256, 299, 300], dim_reducer='umap')	1.0	100.0	1.0	0.9584790187310355	1.0	0.9913325571444208	doc2vecapnews	/home/philipp/projects/dad4td/models/apnews_dbow/doc2vec.bin	apnews	doc2vec	0.9256254803176501	0.966131907308378	0.8883789542697919	AE_10_mono	42.0	37.52326805796474	cosine	300.0	1.0
57	0.1	UMAPModel(set_op_mix_ratio=[1.0], metric=['cosine'], n_components=[256, 299, 300], dim_reducer='umap')	1.0	100.0	1.0	0.9584790187310355	1.0	0.9913325571444208	doc2vecapnews	/home/philipp/projects/dad4td/models/apnews_dbow/doc2vec.bin	apnews	doc2vec	0.9256254803176501	0.966131907308378	0.8883789542697919	AE_1_duo	42.0	6.7940804160316475	cosine	300.0	1.0
58	0.1	UMAPModel(set_op_mix_ratio=[1.0], metric=['cosine'], n_components=[256, 299, 300], dim_reducer='umap')	1.0	100.0	1.0	0.9584790187310355	1.0	0.9913325571444208	doc2vecapnews	/home/philipp/projects/dad4td/models/apnews_dbow/doc2vec.bin	apnews	doc2vec	0.9256254803176501	0.966131907308378	0.8883789542697919	AE_2_duo	42.0	9.97770805703476	cosine	300.0	1.0
59	0.1	UMAPModel(set_op_mix_ratio=[1.0], metric=['cosine'], n_components=[256, 299, 300], dim_reducer='umap')	1.0	100.0	1.0	0.9584790187310355	1.0	0.9913325571444208	doc2vecapnews	/home/philipp/projects/dad4td/models/apnews_dbow/doc2vec.bin	apnews	doc2vec	0.9256254803176501	0.966131907308378	0.8883789542697919	AE_3_duo	42.0	13.462433559005149	cosine	300.0	1.0
60	0.1	UMAPModel(set_op_mix_ratio=[1.0], metric=['cosine'], n_components=[256, 299, 300], dim_reducer='umap')	1.0	100.0	1.0	0.9584790187310355	1.0	0.9913325571444208	doc2vecapnews	/home/philipp/projects/dad4td/models/apnews_dbow/doc2vec.bin	apnews	doc2vec	0.9256254803176501	0.966131907308378	0.8883789542697919	AE_5_duo	42.0	20.566591101989616	cosine	300.0	1.0
61	0.1	UMAPModel(set_op_mix_ratio=[1.0], metric=['cosine'], n_components=[256, 299, 300], dim_reducer='umap')	1.0	100.0	1.0	0.9584790187310355	1.0	0.9913325571444208	doc2vecapnews	/home/philipp/projects/dad4td/models/apnews_dbow/doc2vec.bin	apnews	doc2vec	0.9256254803176501	0.966131907308378	0.8883789542697919	AE_10_duo	42.0	37.00785751402145	cosine	300.0	1.0
62	0.1	UMAPModel(set_op_mix_ratio=[1.0], metric=['cosine'], n_components=[256, 299, 300], dim_reducer='umap')	1.0	100.0	1.0	0.9584790187310355	1.0	0.9913325571444208	doc2vecapnews	/home/philipp/projects/dad4td/models/apnews_dbow/doc2vec.bin	apnews	doc2vec	0.9256254803176501	0.966131907308378	0.8883789542697919	AE_1_micro	42.0	6.611700292036403	cosine	300.0	1.0
63	0.1	UMAPModel(set_op_mix_ratio=[1.0], metric=['cosine'], n_components=[256, 299, 300], dim_reducer='umap')	1.0	100.0	1.0	0.9584790187310355	1.0	0.9913325571444208	doc2vecapnews	/home/philipp/projects/dad4td/models/apnews_dbow/doc2vec.bin	apnews	doc2vec	0.9256254803176501	0.966131907308378	0.8883789542697919	AE_2_micro	42.0	9.823712027049623	cosine	300.0	1.0
64	0.1	UMAPModel(set_op_mix_ratio=[1.0], metric=['cosine'], n_components=[256, 299, 300], dim_reducer='umap')	1.0	100.0	1.0	0.9584790187310355	1.0	0.9913325571444208	doc2vecapnews	/home/philipp/projects/dad4td/models/apnews_dbow/doc2vec.bin	apnews	doc2vec	0.9256254803176501	0.966131907308378	0.8883789542697919	AE_3_micro	42.0	13.456855358032044	cosine	300.0	1.0
65	0.1	UMAPModel(set_op_mix_ratio=[1.0], metric=['cosine'], n_components=[256, 299, 300], dim_reducer='umap')	1.0	100.0	1.0	0.9584790187310355	1.0	0.9913325571444208	doc2vecapnews	/home/philipp/projects/dad4td/models/apnews_dbow/doc2vec.bin	apnews	doc2vec	0.9256254803176501	0.966131907308378	0.8883789542697919	AE_1_tiny	42.0	10.279158793971874	cosine	300.0	1.0
66	0.1	UMAPModel(set_op_mix_ratio=[1.0], metric=['cosine'], n_components=[256, 299, 300], dim_reducer='umap')	1.0	100.0	1.0	0.9584790187310355	1.0	0.9913325571444208	doc2vecapnews	/home/philipp/projects/dad4td/models/apnews_dbow/doc2vec.bin	apnews	doc2vec	0.9256254803176501	0.966131907308378	0.8883789542697919	AE_2_tiny	42.0	10.22447303897934	cosine	300.0	1.0
67	0.1	UMAPModel(set_op_mix_ratio=[1.0], metric=['cosine'], n_components=[256, 299, 300], dim_reducer='umap')	1.0	100.0	1.0	0.9584790187310355	1.0	0.9913325571444208	doc2vecapnews	/home/philipp/projects/dad4td/models/apnews_dbow/doc2vec.bin	apnews	doc2vec	0.9256254803176501	0.966131907308378	0.8883789542697919	AE_3_tiny	42.0	13.968380222038832	cosine	300.0	1.0
68	0.1	<eval_cluster_config.NoReduction object at 0x7f6629b4acf8>	1.0	100.0	1.0	0.5022725999664082	1.0	0.8961001482719846	doc2vecapnews	/home/philipp/projects/dad4td/models/apnews_dbow/doc2vec.bin	apnews	doc2vec	0.1084450516608317	0.11319073083778966	0.10408129814784461	AE_1_mono	43.0	6.62571933795698			
69	0.1	<eval_cluster_config.NoReduction object at 0x7f6629b4acf8>	1.0	100.0	1.0	0.5001750991904788	1.0	0.8956622981162492	doc2vecapnews	/home/philipp/projects/dad4td/models/apnews_dbow/doc2vec.bin	apnews	doc2vec	0.1046879002647084	0.10926916221033868	0.10047533191280118	AE_3_duo_as	43.0	13.06990904500708			
70	0.1	<eval_cluster_config.NoReduction object at 0x7f6629b4acf8>	1.0	100.0	1.0	0.5016052133558851	1.0	0.8959608323133414	doc2vecapnews	/home/philipp/projects/dad4td/models/apnews_dbow/doc2vec.bin	apnews	doc2vec	0.10724959439842882	0.11194295900178253	0.10293394525487624	AE_2_mono	43.0	9.8838738949853			
71	0.1	<eval_cluster_config.NoReduction object at 0x7f6629b4acf8>	1.0	100.0	1.0	0.5006518039122809	1.0	0.89576180951528	doc2vecapnews	/home/philipp/projects/dad4td/models/apnews_dbow/doc2vec.bin	apnews	doc2vec	0.10554179830928187	0.11016042780748662	0.10129486969349287	AE_3_mono	43.0	13.401674016029574			
72	0.1	<eval_cluster_config.NoReduction object at 0x7f6629b4acf8>	1.0	100.0	1.0	0.5001750991904788	1.0	0.8956622981162492	doc2vecapnews	/home/philipp/projects/dad4td/models/apnews_dbow/doc2vec.bin	apnews	doc2vec	0.1046879002647084	0.10926916221033868	0.10047533191280118	AE_5_mono	43.0	21.389054294035304			
73	0.1	<eval_cluster_config.NoReduction object at 0x7f6629b4acf8>	1.0	100.0	1.0	0.499984417301758	1.0	0.895622493556637	doc2vecapnews	/home/philipp/projects/dad4td/models/apnews_dbow/doc2vec.bin	apnews	doc2vec	0.104346341046879	0.1089126559714795	0.1001475168005245	AE_10_mono	43.0	38.36475230002543			
74	0.1	<eval_cluster_config.NoReduction object at 0x7f6629b4acf8>	1.0	100.0	1.0	0.5002704401348392	1.0	0.8956822003960555	doc2vecapnews	/home/philipp/projects/dad4td/models/apnews_dbow/doc2vec.bin	apnews	doc2vec	0.10485867987362307	0.10944741532976827	0.10063923946893952	AE_1_duo	43.0	6.566636567004025			
75	0.1	<eval_cluster_config.NoReduction object at 0x7f6629b4acf8>	1.0	100.0	1.0	0.5001750991904788	1.0	0.8956622981162492	doc2vecapnews	/home/philipp/projects/dad4td/models/apnews_dbow/doc2vec.bin	apnews	doc2vec	0.1046879002647084	0.10926916221033868	0.10047533191280118	AE_2_duo	43.0	9.96198921604082			
76	0.1	<eval_cluster_config.NoReduction object at 0x7f6629b4acf8>	1.0	100.0	1.0	0.5001750991904788	1.0	0.8956622981162492	doc2vecapnews	/home/philipp/projects/dad4td/models/apnews_dbow/doc2vec.bin	apnews	doc2vec	0.1046879002647084	0.10926916221033868	0.10047533191280118	AE_3_duo	43.0	13.649037049966864			
77	0.1	<eval_cluster_config.NoReduction object at 0x7f6629b4acf8>	1.0	100.0	1.0	0.5001750991904788	1.0	0.8956622981162492	doc2vecapnews	/home/philipp/projects/dad4td/models/apnews_dbow/doc2vec.bin	apnews	doc2vec	0.1046879002647084	0.10926916221033868	0.10047533191280118	AE_5_duo	43.0	20.566135021974333			
78	0.1	<eval_cluster_config.NoReduction object at 0x7f6629b4acf8>	1.0	100.0	1.0	0.499984417301758	1.0	0.895622493556637	doc2vecapnews	/home/philipp/projects/dad4td/models/apnews_dbow/doc2vec.bin	apnews	doc2vec	0.104346341046879	0.1089126559714795	0.1001475168005245	AE_10_duo	43.0	37.345658659993205			
79	0.1	<eval_cluster_config.NoReduction object at 0x7f6629b4acf8>	1.0	100.0	1.0	0.5001750991904788	1.0	0.8956622981162492	doc2vecapnews	/home/philipp/projects/dad4td/models/apnews_dbow/doc2vec.bin	apnews	doc2vec	0.1046879002647084	0.10926916221033868	0.10047533191280118	AE_1_micro	43.0	6.3537528500310145			
80	0.1	<eval_cluster_config.NoReduction object at 0x7f6629b4acf8>	1.0	100.0	1.0	0.5001750991904788	1.0	0.8956622981162492	doc2vecapnews	/home/philipp/projects/dad4td/models/apnews_dbow/doc2vec.bin	apnews	doc2vec	0.1046879002647084	0.10926916221033868	0.10047533191280118	AE_2_micro	43.0	9.734136265993584			
81	0.1	<eval_cluster_config.NoReduction object at 0x7f6629b4acf8>	1.0	100.0	1.0	0.5001750991904788	1.0	0.8956622981162492	doc2vecapnews	/home/philipp/projects/dad4td/models/apnews_dbow/doc2vec.bin	apnews	doc2vec	0.1046879002647084	0.10926916221033868	0.10047533191280118	AE_3_micro	43.0	13.222097070945892			
82	0.1	<eval_cluster_config.NoReduction object at 0x7f6629b4acf8>	1.0	100.0	1.0	0.5001750991904788	1.0	0.8956622981162492	doc2vecapnews	/home/philipp/projects/dad4td/models/apnews_dbow/doc2vec.bin	apnews	doc2vec	0.1046879002647084	0.10926916221033868	0.10047533191280118	AE_1_tiny	43.0	6.592970311990939			
83	0.1	<eval_cluster_config.NoReduction object at 0x7f6629b4acf8>	1.0	100.0	1.0	0.5001750991904788	1.0	0.8956622981162492	doc2vecapnews	/home/philipp/projects/dad4td/models/apnews_dbow/doc2vec.bin	apnews	doc2vec	0.1046879002647084	0.10926916221033868	0.10047533191280118	AE_2_tiny	43.0	10.906949221040122			
84	0.1	<eval_cluster_config.NoReduction object at 0x7f6629b4acf8>	1.0	100.0	1.0	0.5001750991904788	1.0	0.8956622981162492	doc2vecapnews	/home/philipp/projects/dad4td/models/apnews_dbow/doc2vec.bin	apnews	doc2vec	0.1046879002647084	0.10926916221033868	0.10047533191280118	AE_3_tiny	43.0	13.987905833986588			
85	0.1	UMAPModel(set_op_mix_ratio=[1.0], metric=['cosine'], n_components=[256, 299, 300], dim_reducer='umap')	1.0	100.0	1.0	0.9595277691190001	1.0	0.9915514822222885	doc2vecapnews	/home/philipp/projects/dad4td/models/apnews_dbow/doc2vec.bin	apnews	doc2vec	0.9275040560157117	0.9680926916221034	0.8901819373873135	AE_1_mono	43.0	10.473655421985313	cosine	256.0	1.0
86	0.1	UMAPModel(set_op_mix_ratio=[1.0], metric=['cosine'], n_components=[256, 299, 300], dim_reducer='umap')	1.0	100.0	1.0	0.9596231100633605	1.0	0.9915713845020947	doc2vecapnews	/home/philipp/projects/dad4td/models/apnews_dbow/doc2vec.bin	apnews	doc2vec	0.9276748356246264	0.968270944741533	0.8903458449434519	AE_3_duo_as	43.0	13.67286002804758	cosine	256.0	1.0
87	0.1	UMAPModel(set_op_mix_ratio=[1.0], metric=['cosine'], n_components=[256, 299, 300], dim_reducer='umap')	1.0	100.0	1.0	0.9595277691190001	1.0	0.9915514822222885	doc2vecapnews	/home/philipp/projects/dad4td/models/apnews_dbow/doc2vec.bin	apnews	doc2vec	0.9275040560157117	0.9680926916221034	0.8901819373873135	AE_2_mono	43.0	12.597073973971419	cosine	256.0	1.0
88	0.1	UMAPModel(set_op_mix_ratio=[1.0], metric=['cosine'], n_components=[256, 299, 300], dim_reducer='umap')	1.0	100.0	1.0	0.9595723897518997	1.0	0.9915615173347132	doc2vecapnews	/home/philipp/projects/dad4td/models/apnews_dbow/doc2vec.bin	apnews	doc2vec	0.9275832621690863	0.9682652879301124	0.8901819373873135	AE_3_mono	43.0	12.278015320014674	cosine	256.0	1.0
89	0.1	UMAPModel(set_op_mix_ratio=[1.0], metric=['cosine'], n_components=[256, 299, 300], dim_reducer='umap')	1.0	100.0	1.0	0.9596231100633605	1.0	0.9915713845020947	doc2vecapnews	/home/philipp/projects/dad4td/models/apnews_dbow/doc2vec.bin	apnews	doc2vec	0.9276748356246264	0.968270944741533	0.8903458449434519	AE_5_mono	43.0	18.522598972020205	cosine	256.0	1.0
90	0.1	UMAPModel(set_op_mix_ratio=[1.0], metric=['cosine'], n_components=[256, 299, 300], dim_reducer='umap')	1.0	100.0	1.0	0.9596231100633605	1.0	0.9915713845020947	doc2vecapnews	/home/philipp/projects/dad4td/models/apnews_dbow/doc2vec.bin	apnews	doc2vec	0.9276748356246264	0.968270944741533	0.8903458449434519	AE_10_mono	43.0	33.219235979020596	cosine	256.0	1.0
91	0.1	UMAPModel(set_op_mix_ratio=[1.0], metric=['cosine'], n_components=[256, 299, 300], dim_reducer='umap')	1.0	100.0	1.0	0.9595277691190001	1.0	0.9915514822222885	doc2vecapnews	/home/philipp/projects/dad4td/models/apnews_dbow/doc2vec.bin	apnews	doc2vec	0.9275040560157117	0.9680926916221034	0.8901819373873135	AE_1_duo	43.0	6.66457648400683	cosine	256.0	1.0
92	0.1	UMAPModel(set_op_mix_ratio=[1.0], metric=['cosine'], n_components=[256, 299, 300], dim_reducer='umap')	1.0	100.0	1.0	0.9595277691190001	1.0	0.9915514822222885	doc2vecapnews	/home/philipp/projects/dad4td/models/apnews_dbow/doc2vec.bin	apnews	doc2vec	0.9275040560157117	0.9680926916221034	0.8901819373873135	AE_2_duo	43.0	9.41465412802063	cosine	256.0	1.0
93	0.1	UMAPModel(set_op_mix_ratio=[1.0], metric=['cosine'], n_components=[256, 299, 300], dim_reducer='umap')	1.0	100.0	1.0	0.9596231100633605	1.0	0.9915713845020947	doc2vecapnews	/home/philipp/projects/dad4td/models/apnews_dbow/doc2vec.bin	apnews	doc2vec	0.9276748356246264	0.968270944741533	0.8903458449434519	AE_3_duo	43.0	12.49108993599657	cosine	256.0	1.0
94	0.1	UMAPModel(set_op_mix_ratio=[1.0], metric=['cosine'], n_components=[256, 299, 300], dim_reducer='umap')	1.0	100.0	1.0	0.9596231100633605	1.0	0.9915713845020947	doc2vecapnews	/home/philipp/projects/dad4td/models/apnews_dbow/doc2vec.bin	apnews	doc2vec	0.9276748356246264	0.968270944741533	0.8903458449434519	AE_5_duo	43.0	18.052574337052647	cosine	256.0	1.0
95	0.1	UMAPModel(set_op_mix_ratio=[1.0], metric=['cosine'], n_components=[256, 299, 300], dim_reducer='umap')	1.0	100.0	1.0	0.9596231100633605	1.0	0.9915713845020947	doc2vecapnews	/home/philipp/projects/dad4td/models/apnews_dbow/doc2vec.bin	apnews	doc2vec	0.9276748356246264	0.968270944741533	0.8903458449434519	AE_10_duo	43.0	33.15007049404085	cosine	256.0	1.0
96	0.1	UMAPModel(set_op_mix_ratio=[1.0], metric=['cosine'], n_components=[256, 299, 300], dim_reducer='umap')	1.0	100.0	1.0	0.9596231100633605	1.0	0.9915713845020947	doc2vecapnews	/home/philipp/projects/dad4td/models/apnews_dbow/doc2vec.bin	apnews	doc2vec	0.9276748356246264	0.968270944741533	0.8903458449434519	AE_1_micro	43.0	6.219956355984323	cosine	256.0	1.0
97	0.1	UMAPModel(set_op_mix_ratio=[1.0], metric=['cosine'], n_components=[256, 299, 300], dim_reducer='umap')	1.0	100.0	1.0	0.9596231100633605	1.0	0.9915713845020947	doc2vecapnews	/home/philipp/projects/dad4td/models/apnews_dbow/doc2vec.bin	apnews	doc2vec	0.9276748356246264	0.968270944741533	0.8903458449434519	AE_2_micro	43.0	9.03740122099407	cosine	256.0	1.0
98	0.1	UMAPModel(set_op_mix_ratio=[1.0], metric=['cosine'], n_components=[256, 299, 300], dim_reducer='umap')	1.0	100.0	1.0	0.9596231100633605	1.0	0.9915713845020947	doc2vecapnews	/home/philipp/projects/dad4td/models/apnews_dbow/doc2vec.bin	apnews	doc2vec	0.9276748356246264	0.968270944741533	0.8903458449434519	AE_3_micro	43.0	11.843465326994192	cosine	256.0	1.0
99	0.1	UMAPModel(set_op_mix_ratio=[1.0], metric=['cosine'], n_components=[256, 299, 300], dim_reducer='umap')	1.0	100.0	1.0	0.9596231100633605	1.0	0.9915713845020947	doc2vecapnews	/home/philipp/projects/dad4td/models/apnews_dbow/doc2vec.bin	apnews	doc2vec	0.9276748356246264	0.968270944741533	0.8903458449434519	AE_1_tiny	43.0	10.137753957009409	cosine	256.0	1.0
100	0.1	UMAPModel(set_op_mix_ratio=[1.0], metric=['cosine'], n_components=[256, 299, 300], dim_reducer='umap')	1.0	100.0	1.0	0.9596231100633605	1.0	0.9915713845020947	doc2vecapnews	/home/philipp/projects/dad4td/models/apnews_dbow/doc2vec.bin	apnews	doc2vec	0.9276748356246264	0.968270944741533	0.8903458449434519	AE_2_tiny	43.0	9.235512275015935	cosine	256.0	1.0
101	0.1	UMAPModel(set_op_mix_ratio=[1.0], metric=['cosine'], n_components=[256, 299, 300], dim_reducer='umap')	1.0	100.0	1.0	0.9596231100633605	1.0	0.9915713845020947	doc2vecapnews	/home/philipp/projects/dad4td/models/apnews_dbow/doc2vec.bin	apnews	doc2vec	0.9276748356246264	0.968270944741533	0.8903458449434519	AE_3_tiny	43.0	12.43467889499152	cosine	256.0	1.0
102	0.1	UMAPModel(set_op_mix_ratio=[1.0], metric=['cosine'], n_components=[256, 299, 300], dim_reducer='umap')	1.0	100.0	1.0	0.9584790187310355	1.0	0.9913325571444208	doc2vecapnews	/home/philipp/projects/dad4td/models/apnews_dbow/doc2vec.bin	apnews	doc2vec	0.9256254803176501	0.966131907308378	0.8883789542697919	AE_1_mono	43.0	10.865407876961399	cosine	299.0	1.0
103	0.1	UMAPModel(set_op_mix_ratio=[1.0], metric=['cosine'], n_components=[256, 299, 300], dim_reducer='umap')	1.0	100.0	1.0	0.9584790187310355	1.0	0.9913325571444208	doc2vecapnews	/home/philipp/projects/dad4td/models/apnews_dbow/doc2vec.bin	apnews	doc2vec	0.9256254803176501	0.966131907308378	0.8883789542697919	AE_3_duo_as	43.0	14.297515912970994	cosine	299.0	1.0
104	0.1	UMAPModel(set_op_mix_ratio=[1.0], metric=['cosine'], n_components=[256, 299, 300], dim_reducer='umap')	1.0	100.0	1.0	0.9584790187310355	1.0	0.9913325571444208	doc2vecapnews	/home/philipp/projects/dad4td/models/apnews_dbow/doc2vec.bin	apnews	doc2vec	0.9256254803176501	0.966131907308378	0.8883789542697919	AE_2_mono	43.0	11.126876637048554	cosine	299.0	1.0
105	0.1	UMAPModel(set_op_mix_ratio=[1.0], metric=['cosine'], n_components=[256, 299, 300], dim_reducer='umap')	1.0	100.0	1.0	0.9584790187310355	1.0	0.9913325571444208	doc2vecapnews	/home/philipp/projects/dad4td/models/apnews_dbow/doc2vec.bin	apnews	doc2vec	0.9256254803176501	0.966131907308378	0.8883789542697919	AE_3_mono	43.0	16.152202421973925	cosine	299.0	1.0
106	0.1	UMAPModel(set_op_mix_ratio=[1.0], metric=['cosine'], n_components=[256, 299, 300], dim_reducer='umap')	1.0	100.0	1.0	0.9584790187310355	1.0	0.9913325571444208	doc2vecapnews	/home/philipp/projects/dad4td/models/apnews_dbow/doc2vec.bin	apnews	doc2vec	0.9256254803176501	0.966131907308378	0.8883789542697919	AE_5_mono	43.0	21.15633639198495	cosine	299.0	1.0
107	0.1	UMAPModel(set_op_mix_ratio=[1.0], metric=['cosine'], n_components=[256, 299, 300], dim_reducer='umap')	1.0	100.0	1.0	0.958574359675396	1.0	0.9913524594242271	doc2vecapnews	/home/philipp/projects/dad4td/models/apnews_dbow/doc2vec.bin	apnews	doc2vec	0.9257962599265648	0.9663101604278075	0.8885428618259302	AE_10_mono	43.0	38.33908344095107	cosine	299.0	1.0
108	0.1	UMAPModel(set_op_mix_ratio=[1.0], metric=['cosine'], n_components=[256, 299, 300], dim_reducer='umap')	1.0	100.0	1.0	0.9584790187310355	1.0	0.9913325571444208	doc2vecapnews	/home/philipp/projects/dad4td/models/apnews_dbow/doc2vec.bin	apnews	doc2vec	0.9256254803176501	0.966131907308378	0.8883789542697919	AE_1_duo	43.0	7.250026341993362	cosine	299.0	1.0
109	0.1	UMAPModel(set_op_mix_ratio=[1.0], metric=['cosine'], n_components=[256, 299, 300], dim_reducer='umap')	1.0	100.0	1.0	0.9584790187310355	1.0	0.9913325571444208	doc2vecapnews	/home/philipp/projects/dad4td/models/apnews_dbow/doc2vec.bin	apnews	doc2vec	0.9256254803176501	0.966131907308378	0.8883789542697919	AE_2_duo	43.0	10.613630913023371	cosine	299.0	1.0
110	0.1	UMAPModel(set_op_mix_ratio=[1.0], metric=['cosine'], n_components=[256, 299, 300], dim_reducer='umap')	1.0	100.0	1.0	0.9584790187310355	1.0	0.9913325571444208	doc2vecapnews	/home/philipp/projects/dad4td/models/apnews_dbow/doc2vec.bin	apnews	doc2vec	0.9256254803176501	0.966131907308378	0.8883789542697919	AE_3_duo	43.0	14.15690998203354	cosine	299.0	1.0
111	0.1	UMAPModel(set_op_mix_ratio=[1.0], metric=['cosine'], n_components=[256, 299, 300], dim_reducer='umap')	1.0	100.0	1.0	0.9584790187310355	1.0	0.9913325571444208	doc2vecapnews	/home/philipp/projects/dad4td/models/apnews_dbow/doc2vec.bin	apnews	doc2vec	0.9256254803176501	0.966131907308378	0.8883789542697919	AE_5_duo	43.0	20.641417285019998	cosine	299.0	1.0
112	0.1	UMAPModel(set_op_mix_ratio=[1.0], metric=['cosine'], n_components=[256, 299, 300], dim_reducer='umap')	1.0	100.0	1.0	0.9584790187310355	1.0	0.9913325571444208	doc2vecapnews	/home/philipp/projects/dad4td/models/apnews_dbow/doc2vec.bin	apnews	doc2vec	0.9256254803176501	0.966131907308378	0.8883789542697919	AE_10_duo	43.0	37.58394273597514	cosine	299.0	1.0
113	0.1	UMAPModel(set_op_mix_ratio=[1.0], metric=['cosine'], n_components=[256, 299, 300], dim_reducer='umap')	1.0	100.0	1.0	0.9584790187310355	1.0	0.9913325571444208	doc2vecapnews	/home/philipp/projects/dad4td/models/apnews_dbow/doc2vec.bin	apnews	doc2vec	0.9256254803176501	0.966131907308378	0.8883789542697919	AE_1_micro	43.0	6.674118652998004	cosine	299.0	1.0
114	0.1	UMAPModel(set_op_mix_ratio=[1.0], metric=['cosine'], n_components=[256, 299, 300], dim_reducer='umap')	1.0	100.0	1.0	0.9584790187310355	1.0	0.9913325571444208	doc2vecapnews	/home/philipp/projects/dad4td/models/apnews_dbow/doc2vec.bin	apnews	doc2vec	0.9256254803176501	0.966131907308378	0.8883789542697919	AE_2_micro	43.0	10.090870767016895	cosine	299.0	1.0
115	0.1	UMAPModel(set_op_mix_ratio=[1.0], metric=['cosine'], n_components=[256, 299, 300], dim_reducer='umap')	1.0	100.0	1.0	0.958574359675396	1.0	0.9913524594242271	doc2vecapnews	/home/philipp/projects/dad4td/models/apnews_dbow/doc2vec.bin	apnews	doc2vec	0.9257962599265648	0.9663101604278075	0.8885428618259302	AE_3_micro	43.0	13.787762786028907	cosine	299.0	1.0
116	0.1	UMAPModel(set_op_mix_ratio=[1.0], metric=['cosine'], n_components=[256, 299, 300], dim_reducer='umap')	1.0	100.0	1.0	0.9584790187310355	1.0	0.9913325571444208	doc2vecapnews	/home/philipp/projects/dad4td/models/apnews_dbow/doc2vec.bin	apnews	doc2vec	0.9256254803176501	0.966131907308378	0.8883789542697919	AE_1_tiny	43.0	7.073715027014259	cosine	299.0	1.0
117	0.1	UMAPModel(set_op_mix_ratio=[1.0], metric=['cosine'], n_components=[256, 299, 300], dim_reducer='umap')	1.0	100.0	1.0	0.9584790187310355	1.0	0.9913325571444208	doc2vecapnews	/home/philipp/projects/dad4td/models/apnews_dbow/doc2vec.bin	apnews	doc2vec	0.9256254803176501	0.966131907308378	0.8883789542697919	AE_2_tiny	43.0	14.707109211012721	cosine	299.0	1.0
118	0.1	UMAPModel(set_op_mix_ratio=[1.0], metric=['cosine'], n_components=[256, 299, 300], dim_reducer='umap')	1.0	100.0	1.0	0.9584790187310355	1.0	0.9913325571444208	doc2vecapnews	/home/philipp/projects/dad4td/models/apnews_dbow/doc2vec.bin	apnews	doc2vec	0.9256254803176501	0.966131907308378	0.8883789542697919	AE_3_tiny	43.0	14.47603015799541	cosine	299.0	1.0
119	0.1	UMAPModel(set_op_mix_ratio=[1.0], metric=['cosine'], n_components=[256, 299, 300], dim_reducer='umap')	1.0	100.0	1.0	0.9595277691190001	1.0	0.9915514822222885	doc2vecapnews	/home/philipp/projects/dad4td/models/apnews_dbow/doc2vec.bin	apnews	doc2vec	0.9275040560157117	0.9680926916221034	0.8901819373873135	AE_1_mono	43.0	12.554758784011938	cosine	300.0	1.0
120	0.1	UMAPModel(set_op_mix_ratio=[1.0], metric=['cosine'], n_components=[256, 299, 300], dim_reducer='umap')	1.0	100.0	1.0	0.9594324281746398	1.0	0.9915315799424825	doc2vecapnews	/home/philipp/projects/dad4td/models/apnews_dbow/doc2vec.bin	apnews	doc2vec	0.927333276406797	0.9679144385026738	0.8900180298311752	AE_3_duo_as	43.0	15.528669477032963	cosine	300.0	1.0
121	0.1	UMAPModel(set_op_mix_ratio=[1.0], metric=['cosine'], n_components=[256, 299, 300], dim_reducer='umap')	1.0	100.0	1.0	0.9595277691190001	1.0	0.9915514822222885	doc2vecapnews	/home/philipp/projects/dad4td/models/apnews_dbow/doc2vec.bin	apnews	doc2vec	0.9275040560157117	0.9680926916221034	0.8901819373873135	AE_2_mono	43.0	11.810232204967178	cosine	300.0	1.0
122	0.1	UMAPModel(set_op_mix_ratio=[1.0], metric=['cosine'], n_components=[256, 299, 300], dim_reducer='umap')	1.0	100.0	1.0	0.9595277691190001	1.0	0.9915514822222885	doc2vecapnews	/home/philipp/projects/dad4td/models/apnews_dbow/doc2vec.bin	apnews	doc2vec	0.9275040560157117	0.9680926916221034	0.8901819373873135	AE_3_mono	43.0	14.939318321994506	cosine	300.0	1.0
123	0.1	UMAPModel(set_op_mix_ratio=[1.0], metric=['cosine'], n_components=[256, 299, 300], dim_reducer='umap')	1.0	100.0	1.0	0.9594324281746398	1.0	0.9915315799424825	doc2vecapnews	/home/philipp/projects/dad4td/models/apnews_dbow/doc2vec.bin	apnews	doc2vec	0.927333276406797	0.9679144385026738	0.8900180298311752	AE_5_mono	43.0	21.766613731975667	cosine	300.0	1.0
124	0.1	UMAPModel(set_op_mix_ratio=[1.0], metric=['cosine'], n_components=[256, 299, 300], dim_reducer='umap')	1.0	100.0	1.0	0.9594324281746398	1.0	0.9915315799424825	doc2vecapnews	/home/philipp/projects/dad4td/models/apnews_dbow/doc2vec.bin	apnews	doc2vec	0.927333276406797	0.9679144385026738	0.8900180298311752	AE_10_mono	43.0	43.43846737395506	cosine	300.0	1.0
125	0.1	UMAPModel(set_op_mix_ratio=[1.0], metric=['cosine'], n_components=[256, 299, 300], dim_reducer='umap')	1.0	100.0	1.0	0.9595277691190001	1.0	0.9915514822222885	doc2vecapnews	/home/philipp/projects/dad4td/models/apnews_dbow/doc2vec.bin	apnews	doc2vec	0.9275040560157117	0.9680926916221034	0.8901819373873135	AE_1_duo	43.0	6.9931030530133285	cosine	300.0	1.0
126	0.1	UMAPModel(set_op_mix_ratio=[1.0], metric=['cosine'], n_components=[256, 299, 300], dim_reducer='umap')	1.0	100.0	1.0	0.9595277691190001	1.0	0.9915514822222885	doc2vecapnews	/home/philipp/projects/dad4td/models/apnews_dbow/doc2vec.bin	apnews	doc2vec	0.9275040560157117	0.9680926916221034	0.8901819373873135	AE_2_duo	43.0	10.289587099978235	cosine	300.0	1.0
127	0.1	UMAPModel(set_op_mix_ratio=[1.0], metric=['cosine'], n_components=[256, 299, 300], dim_reducer='umap')	1.0	100.0	1.0	0.9594324281746398	1.0	0.9915315799424825	doc2vecapnews	/home/philipp/projects/dad4td/models/apnews_dbow/doc2vec.bin	apnews	doc2vec	0.927333276406797	0.9679144385026738	0.8900180298311752	AE_3_duo	43.0	13.901811105955858	cosine	300.0	1.0
128	0.1	UMAPModel(set_op_mix_ratio=[1.0], metric=['cosine'], n_components=[256, 299, 300], dim_reducer='umap')	1.0	100.0	1.0	0.9594324281746398	1.0	0.9915315799424825	doc2vecapnews	/home/philipp/projects/dad4td/models/apnews_dbow/doc2vec.bin	apnews	doc2vec	0.927333276406797	0.9679144385026738	0.8900180298311752	AE_5_duo	43.0	21.011231468000915	cosine	300.0	1.0
129	0.1	UMAPModel(set_op_mix_ratio=[1.0], metric=['cosine'], n_components=[256, 299, 300], dim_reducer='umap')	1.0	100.0	1.0	0.9594324281746398	1.0	0.9915315799424825	doc2vecapnews	/home/philipp/projects/dad4td/models/apnews_dbow/doc2vec.bin	apnews	doc2vec	0.927333276406797	0.9679144385026738	0.8900180298311752	AE_10_duo	43.0	38.45897583698388	cosine	300.0	1.0
130	0.1	UMAPModel(set_op_mix_ratio=[1.0], metric=['cosine'], n_components=[256, 299, 300], dim_reducer='umap')	1.0	100.0	1.0	0.9595277691190001	1.0	0.9915514822222885	doc2vecapnews	/home/philipp/projects/dad4td/models/apnews_dbow/doc2vec.bin	apnews	doc2vec	0.9275040560157117	0.9680926916221034	0.8901819373873135	AE_1_micro	43.0	7.121653340989724	cosine	300.0	1.0
131	0.1	UMAPModel(set_op_mix_ratio=[1.0], metric=['cosine'], n_components=[256, 299, 300], dim_reducer='umap')	1.0	100.0	1.0	0.9594324281746398	1.0	0.9915315799424825	doc2vecapnews	/home/philipp/projects/dad4td/models/apnews_dbow/doc2vec.bin	apnews	doc2vec	0.927333276406797	0.9679144385026738	0.8900180298311752	AE_2_micro	43.0	10.517358984972816	cosine	300.0	1.0
132	0.1	UMAPModel(set_op_mix_ratio=[1.0], metric=['cosine'], n_components=[256, 299, 300], dim_reducer='umap')	1.0	100.0	1.0	0.9594324281746398	1.0	0.9915315799424825	doc2vecapnews	/home/philipp/projects/dad4td/models/apnews_dbow/doc2vec.bin	apnews	doc2vec	0.927333276406797	0.9679144385026738	0.8900180298311752	AE_3_micro	43.0	13.912086993979756	cosine	300.0	1.0
133	0.1	UMAPModel(set_op_mix_ratio=[1.0], metric=['cosine'], n_components=[256, 299, 300], dim_reducer='umap')	1.0	100.0	1.0	0.9595277691190001	1.0	0.9915514822222885	doc2vecapnews	/home/philipp/projects/dad4td/models/apnews_dbow/doc2vec.bin	apnews	doc2vec	0.9275040560157117	0.9680926916221034	0.8901819373873135	AE_1_tiny	43.0	7.118998703022953	cosine	300.0	1.0
134	0.1	UMAPModel(set_op_mix_ratio=[1.0], metric=['cosine'], n_components=[256, 299, 300], dim_reducer='umap')	1.0	100.0	1.0	0.9594324281746398	1.0	0.9915315799424825	doc2vecapnews	/home/philipp/projects/dad4td/models/apnews_dbow/doc2vec.bin	apnews	doc2vec	0.927333276406797	0.9679144385026738	0.8900180298311752	AE_2_tiny	43.0	10.676436153997201	cosine	300.0	1.0
135	0.1	UMAPModel(set_op_mix_ratio=[1.0], metric=['cosine'], n_components=[256, 299, 300], dim_reducer='umap')	1.0	100.0	1.0	0.9594324281746398	1.0	0.9915315799424825	doc2vecapnews	/home/philipp/projects/dad4td/models/apnews_dbow/doc2vec.bin	apnews	doc2vec	0.927333276406797	0.9679144385026738	0.8900180298311752	AE_3_tiny	43.0	13.601488941989373	cosine	300.0	1.0
136	0.1	<eval_cluster_config.NoReduction object at 0x7f6629b4acf8>	1.0	100.0	1.0	0.5040840779092562	1.0	0.8964782915883015	doc2vecapnews	/home/philipp/projects/dad4td/models/apnews_dbow/doc2vec.bin	apnews	doc2vec	0.11168986423021092	0.11657754010695187	0.10719554171447304	AE_1_mono	44.0	6.760004381008912			
137	0.1	<eval_cluster_config.NoReduction object at 0x7f6629b4acf8>	1.0	100.0	1.0	0.5018912361889664	1.0	0.8960205391527599	doc2vecapnews	/home/philipp/projects/dad4td/models/apnews_dbow/doc2vec.bin	apnews	doc2vec	0.1077619332251729	0.1124777183600713	0.10342566792329126	AE_3_duo_as	44.0	13.501628694008105			
138	0.1	<eval_cluster_config.NoReduction object at 0x7f6629b4acf8>	1.0	100.0	1.0	0.5027493046882102	1.0	0.8961996596710152	doc2vecapnews	/home/philipp/projects/dad4td/models/apnews_dbow/doc2vec.bin	apnews	doc2vec	0.10929894970540517	0.1140819964349376	0.1049008359285363	AE_2_mono	44.0	10.015455831948202			
139	0.1	<eval_cluster_config.NoReduction object at 0x7f6629b4acf8>	1.0	100.0	1.0	0.5021772590220477	1.0	0.8960802459921784	doc2vecapnews	/home/philipp/projects/dad4td/models/apnews_dbow/doc2vec.bin	apnews	doc2vec	0.10827427205191702	0.11301247771836007	0.10391739059170628	AE_3_mono	44.0	13.459605713025667			
140	0.1	<eval_cluster_config.NoReduction object at 0x7f6629b4acf8>	1.0	100.0	1.0	0.5019865771333268	1.0	0.8960404414325661	doc2vecapnews	/home/philipp/projects/dad4td/models/apnews_dbow/doc2vec.bin	apnews	doc2vec	0.1079327128340876	0.11265597147950089	0.1035895754794296	AE_5_mono	44.0	20.148103021958377			
141	0.1	<eval_cluster_config.NoReduction object at 0x7f6629b4acf8>	1.0	100.0	1.0	0.501795895244606	1.0	0.8960006368729537	doc2vecapnews	/home/philipp/projects/dad4td/models/apnews_dbow/doc2vec.bin	apnews	doc2vec	0.10759115361625822	0.11229946524064172	0.10326176036715293	AE_10_mono	44.0	37.05001149099553			
142	0.1	<eval_cluster_config.NoReduction object at 0x7f6629b4acf8>	1.0	100.0	1.0	0.5019865771333268	1.0	0.8960404414325661	doc2vecapnews	/home/philipp/projects/dad4td/models/apnews_dbow/doc2vec.bin	apnews	doc2vec	0.1079327128340876	0.11265597147950089	0.1035895754794296	AE_1_duo	44.0	6.348918372008484			
143	0.1	<eval_cluster_config.NoReduction object at 0x7f6629b4acf8>	1.0	100.0	1.0	0.5018912361889664	1.0	0.8960205391527599	doc2vecapnews	/home/philipp/projects/dad4td/models/apnews_dbow/doc2vec.bin	apnews	doc2vec	0.1077619332251729	0.1124777183600713	0.10342566792329126	AE_2_duo	44.0	9.777228743012529			
144	0.1	<eval_cluster_config.NoReduction object at 0x7f6629b4acf8>	1.0	100.0	1.0	0.5020819180776873	1.0	0.8960603437123723	doc2vecapnews	/home/philipp/projects/dad4td/models/apnews_dbow/doc2vec.bin	apnews	doc2vec	0.10810349244300231	0.11283422459893049	0.10375348303556794	AE_3_duo	44.0	13.213133804965764			
145	0.1	<eval_cluster_config.NoReduction object at 0x7f6629b4acf8>	1.0	100.0	1.0	0.5019865771333268	1.0	0.8960404414325661	doc2vecapnews	/home/philipp/projects/dad4td/models/apnews_dbow/doc2vec.bin	apnews	doc2vec	0.1079327128340876	0.11265597147950089	0.1035895754794296	AE_5_duo	44.0	19.999828865984455			
146	0.1	<eval_cluster_config.NoReduction object at 0x7f6629b4acf8>	1.0	100.0	1.0	0.501795895244606	1.0	0.8960006368729537	doc2vecapnews	/home/philipp/projects/dad4td/models/apnews_dbow/doc2vec.bin	apnews	doc2vec	0.10759115361625822	0.11229946524064172	0.10326176036715293	AE_10_duo	44.0	37.476825432037			
147	0.1	<eval_cluster_config.NoReduction object at 0x7f6629b4acf8>	1.0	100.0	1.0	0.5018912361889664	1.0	0.8960205391527599	doc2vecapnews	/home/philipp/projects/dad4td/models/apnews_dbow/doc2vec.bin	apnews	doc2vec	0.1077619332251729	0.1124777183600713	0.10342566792329126	AE_1_micro	44.0	6.395332676998805			
148	0.1	<eval_cluster_config.NoReduction object at 0x7f6629b4acf8>	1.0	100.0	1.0	0.5019865771333268	1.0	0.8960404414325661	doc2vecapnews	/home/philipp/projects/dad4td/models/apnews_dbow/doc2vec.bin	apnews	doc2vec	0.1079327128340876	0.11265597147950089	0.1035895754794296	AE_2_micro	44.0	9.933353758999147			
149	0.1	<eval_cluster_config.NoReduction object at 0x7f6629b4acf8>	1.0	100.0	1.0	0.5019865771333268	1.0	0.8960404414325661	doc2vecapnews	/home/philipp/projects/dad4td/models/apnews_dbow/doc2vec.bin	apnews	doc2vec	0.1079327128340876	0.11265597147950089	0.1035895754794296	AE_3_micro	44.0	13.540669757989235			
150	0.1	<eval_cluster_config.NoReduction object at 0x7f6629b4acf8>	1.0	100.0	1.0	0.5018912361889664	1.0	0.8960205391527599	doc2vecapnews	/home/philipp/projects/dad4td/models/apnews_dbow/doc2vec.bin	apnews	doc2vec	0.1077619332251729	0.1124777183600713	0.10342566792329126	AE_1_tiny	44.0	6.410778737976216			
151	0.1	<eval_cluster_config.NoReduction object at 0x7f6629b4acf8>	1.0	100.0	1.0	0.5019865771333268	1.0	0.8960404414325661	doc2vecapnews	/home/philipp/projects/dad4td/models/apnews_dbow/doc2vec.bin	apnews	doc2vec	0.1079327128340876	0.11265597147950089	0.1035895754794296	AE_2_tiny	44.0	9.972554725012742			
152	0.1	<eval_cluster_config.NoReduction object at 0x7f6629b4acf8>	1.0	100.0	1.0	0.5019865771333268	1.0	0.8960404414325661	doc2vecapnews	/home/philipp/projects/dad4td/models/apnews_dbow/doc2vec.bin	apnews	doc2vec	0.1079327128340876	0.11265597147950089	0.1035895754794296	AE_3_tiny	44.0	14.343228323967196			
153	0.1	UMAPModel(set_op_mix_ratio=[1.0], metric=['cosine'], n_components=[256, 299, 300], dim_reducer='umap')	1.0	100.0	1.0	0.9634367478377774	1.0	0.9923674756943408	doc2vecapnews	/home/philipp/projects/dad4td/models/apnews_dbow/doc2vec.bin	apnews	doc2vec	0.9345060199812142	0.9754010695187165	0.8969021471889854	AE_1_mono	44.0	12.586074832011946	cosine	256.0	1.0
154	0.1	UMAPModel(set_op_mix_ratio=[1.0], metric=['cosine'], n_components=[256, 299, 300], dim_reducer='umap')	1.0	100.0	1.0	0.9635320887821379	1.0	0.9923873779741469	doc2vecapnews	/home/philipp/projects/dad4td/models/apnews_dbow/doc2vec.bin	apnews	doc2vec	0.934676799590129	0.9755793226381462	0.8970660547451238	AE_3_duo_as	44.0	13.216196428984404	cosine	256.0	1.0
155	0.1	UMAPModel(set_op_mix_ratio=[1.0], metric=['cosine'], n_components=[256, 299, 300], dim_reducer='umap')	1.0	100.0	1.0	0.9634367478377774	1.0	0.9923674756943408	doc2vecapnews	/home/philipp/projects/dad4td/models/apnews_dbow/doc2vec.bin	apnews	doc2vec	0.9345060199812142	0.9754010695187165	0.8969021471889854	AE_2_mono	44.0	10.177962785004638	cosine	256.0	1.0
156	0.1	UMAPModel(set_op_mix_ratio=[1.0], metric=['cosine'], n_components=[256, 299, 300], dim_reducer='umap')	1.0	100.0	1.0	0.9633414068934171	1.0	0.9923475734145346	doc2vecapnews	/home/philipp/projects/dad4td/models/apnews_dbow/doc2vec.bin	apnews	doc2vec	0.9343352403722995	0.975222816399287	0.896738239632847	AE_3_mono	44.0	13.91375726100523	cosine	256.0	1.0
157	0.1	UMAPModel(set_op_mix_ratio=[1.0], metric=['cosine'], n_components=[256, 299, 300], dim_reducer='umap')	1.0	100.0	1.0	0.9635320887821379	1.0	0.9923873779741469	doc2vecapnews	/home/philipp/projects/dad4td/models/apnews_dbow/doc2vec.bin	apnews	doc2vec	0.934676799590129	0.9755793226381462	0.8970660547451238	AE_5_mono	44.0	21.045053609996103	cosine	256.0	1.0
158	0.1	UMAPModel(set_op_mix_ratio=[1.0], metric=['cosine'], n_components=[256, 299, 300], dim_reducer='umap')	1.0	100.0	1.0	0.9635320887821379	1.0	0.9923873779741469	doc2vecapnews	/home/philipp/projects/dad4td/models/apnews_dbow/doc2vec.bin	apnews	doc2vec	0.934676799590129	0.9755793226381462	0.8970660547451238	AE_10_mono	44.0	35.31370636197971	cosine	256.0	1.0
159	0.1	UMAPModel(set_op_mix_ratio=[1.0], metric=['cosine'], n_components=[256, 299, 300], dim_reducer='umap')	1.0	100.0	1.0	0.9635320887821379	1.0	0.9923873779741469	doc2vecapnews	/home/philipp/projects/dad4td/models/apnews_dbow/doc2vec.bin	apnews	doc2vec	0.934676799590129	0.9755793226381462	0.8970660547451238	AE_1_duo	44.0	6.703549518017098	cosine	256.0	1.0
160	0.1	UMAPModel(set_op_mix_ratio=[1.0], metric=['cosine'], n_components=[256, 299, 300], dim_reducer='umap')	1.0	100.0	1.0	0.9635320887821379	1.0	0.9923873779741469	doc2vecapnews	/home/philipp/projects/dad4td/models/apnews_dbow/doc2vec.bin	apnews	doc2vec	0.934676799590129	0.9755793226381462	0.8970660547451238	AE_2_duo	44.0	9.62131507502636	cosine	256.0	1.0
161	0.1	UMAPModel(set_op_mix_ratio=[1.0], metric=['cosine'], n_components=[256, 299, 300], dim_reducer='umap')	1.0	100.0	1.0	0.9635320887821379	1.0	0.9923873779741469	doc2vecapnews	/home/philipp/projects/dad4td/models/apnews_dbow/doc2vec.bin	apnews	doc2vec	0.934676799590129	0.9755793226381462	0.8970660547451238	AE_3_duo	44.0	12.799723368952982	cosine	256.0	1.0
162	0.1	UMAPModel(set_op_mix_ratio=[1.0], metric=['cosine'], n_components=[256, 299, 300], dim_reducer='umap')	1.0	100.0	1.0	0.9635320887821379	1.0	0.9923873779741469	doc2vecapnews	/home/philipp/projects/dad4td/models/apnews_dbow/doc2vec.bin	apnews	doc2vec	0.934676799590129	0.9755793226381462	0.8970660547451238	AE_5_duo	44.0	19.09167317498941	cosine	256.0	1.0
163	0.1	UMAPModel(set_op_mix_ratio=[1.0], metric=['cosine'], n_components=[256, 299, 300], dim_reducer='umap')	1.0	100.0	1.0	0.9635320887821379	1.0	0.9923873779741469	doc2vecapnews	/home/philipp/projects/dad4td/models/apnews_dbow/doc2vec.bin	apnews	doc2vec	0.934676799590129	0.9755793226381462	0.8970660547451238	AE_10_duo	44.0	33.80571715399856	cosine	256.0	1.0
164	0.1	UMAPModel(set_op_mix_ratio=[1.0], metric=['cosine'], n_components=[256, 299, 300], dim_reducer='umap')	1.0	100.0	1.0	0.9633863152470036	1.0	0.9923576006050233	doc2vecapnews	/home/philipp/projects/dad4td/models/apnews_dbow/doc2vec.bin	apnews	doc2vec	0.9344150298889838	0.9753966839008736	0.896738239632847	AE_1_micro	44.0	6.540348106995225	cosine	256.0	1.0
165	0.1	UMAPModel(set_op_mix_ratio=[1.0], metric=['cosine'], n_components=[256, 299, 300], dim_reducer='umap')	1.0	100.0	1.0	0.9635320887821379	1.0	0.9923873779741469	doc2vecapnews	/home/philipp/projects/dad4td/models/apnews_dbow/doc2vec.bin	apnews	doc2vec	0.934676799590129	0.9755793226381462	0.8970660547451238	AE_2_micro	44.0	15.01366360404063	cosine	256.0	1.0
166	0.1	UMAPModel(set_op_mix_ratio=[1.0], metric=['cosine'], n_components=[256, 299, 300], dim_reducer='umap')	1.0	100.0	1.0	0.9635320887821379	1.0	0.9923873779741469	doc2vecapnews	/home/philipp/projects/dad4td/models/apnews_dbow/doc2vec.bin	apnews	doc2vec	0.934676799590129	0.9755793226381462	0.8970660547451238	AE_3_micro	44.0	12.439982242998667	cosine	256.0	1.0
167	0.1	UMAPModel(set_op_mix_ratio=[1.0], metric=['cosine'], n_components=[256, 299, 300], dim_reducer='umap')	1.0	100.0	1.0	0.9634367478377774	1.0	0.9923674756943408	doc2vecapnews	/home/philipp/projects/dad4td/models/apnews_dbow/doc2vec.bin	apnews	doc2vec	0.9345060199812142	0.9754010695187165	0.8969021471889854	AE_1_tiny	44.0	6.200761356041767	cosine	256.0	1.0
168	0.1	UMAPModel(set_op_mix_ratio=[1.0], metric=['cosine'], n_components=[256, 299, 300], dim_reducer='umap')	1.0	100.0	1.0	0.9635320887821379	1.0	0.9923873779741469	doc2vecapnews	/home/philipp/projects/dad4td/models/apnews_dbow/doc2vec.bin	apnews	doc2vec	0.934676799590129	0.9755793226381462	0.8970660547451238	AE_2_tiny	44.0	9.34216728899628	cosine	256.0	1.0
169	0.1	UMAPModel(set_op_mix_ratio=[1.0], metric=['cosine'], n_components=[256, 299, 300], dim_reducer='umap')	1.0	100.0	1.0	0.9635320887821379	1.0	0.9923873779741469	doc2vecapnews	/home/philipp/projects/dad4td/models/apnews_dbow/doc2vec.bin	apnews	doc2vec	0.934676799590129	0.9755793226381462	0.8970660547451238	AE_3_tiny	44.0	12.22960503201466	cosine	256.0	1.0
170	0.1	UMAPModel(set_op_mix_ratio=[1.0], metric=['cosine'], n_components=[256, 299, 300], dim_reducer='umap')	1.0	100.0	1.0	0.9644854982257423	1.0	0.9925864007722085	doc2vecapnews	/home/philipp/projects/dad4td/models/apnews_dbow/doc2vec.bin	apnews	doc2vec	0.9363845956792759	0.9773618538324421	0.8987051303065071	AE_1_mono	44.0	11.691958385985345	cosine	299.0	1.0
171	0.1	UMAPModel(set_op_mix_ratio=[1.0], metric=['cosine'], n_components=[256, 299, 300], dim_reducer='umap')	1.0	100.0	1.0	0.9644854982257423	1.0	0.9925864007722085	doc2vecapnews	/home/philipp/projects/dad4td/models/apnews_dbow/doc2vec.bin	apnews	doc2vec	0.9363845956792759	0.9773618538324421	0.8987051303065071	AE_3_duo_as	44.0	14.875860719999764	cosine	299.0	1.0
172	0.1	UMAPModel(set_op_mix_ratio=[1.0], metric=['cosine'], n_components=[256, 299, 300], dim_reducer='umap')	1.0	100.0	1.0	0.9644854982257423	1.0	0.9925864007722085	doc2vecapnews	/home/philipp/projects/dad4td/models/apnews_dbow/doc2vec.bin	apnews	doc2vec	0.9363845956792759	0.9773618538324421	0.8987051303065071	AE_2_mono	44.0	11.311732000031043	cosine	299.0	1.0
173	0.1	UMAPModel(set_op_mix_ratio=[1.0], metric=['cosine'], n_components=[256, 299, 300], dim_reducer='umap')	1.0	100.0	1.0	0.9644854982257423	1.0	0.9925864007722085	doc2vecapnews	/home/philipp/projects/dad4td/models/apnews_dbow/doc2vec.bin	apnews	doc2vec	0.9363845956792759	0.9773618538324421	0.8987051303065071	AE_3_mono	44.0	15.204565156018361	cosine	299.0	1.0
174	0.1	UMAPModel(set_op_mix_ratio=[1.0], metric=['cosine'], n_components=[256, 299, 300], dim_reducer='umap')	1.0	100.0	1.0	0.9644854982257423	1.0	0.9925864007722085	doc2vecapnews	/home/philipp/projects/dad4td/models/apnews_dbow/doc2vec.bin	apnews	doc2vec	0.9363845956792759	0.9773618538324421	0.8987051303065071	AE_5_mono	44.0	22.21518666902557	cosine	299.0	1.0
175	0.1	UMAPModel(set_op_mix_ratio=[1.0], metric=['cosine'], n_components=[256, 299, 300], dim_reducer='umap')	1.0	100.0	1.0	0.9645808391701026	1.0	0.9926063030520146	doc2vecapnews	/home/philipp/projects/dad4td/models/apnews_dbow/doc2vec.bin	apnews	doc2vec	0.9365553752881907	0.9775401069518717	0.8988690378626455	AE_10_mono	44.0	39.35025635099737	cosine	299.0	1.0
176	0.1	UMAPModel(set_op_mix_ratio=[1.0], metric=['cosine'], n_components=[256, 299, 300], dim_reducer='umap')	1.0	100.0	1.0	0.9644854982257423	1.0	0.9925864007722085	doc2vecapnews	/home/philipp/projects/dad4td/models/apnews_dbow/doc2vec.bin	apnews	doc2vec	0.9363845956792759	0.9773618538324421	0.8987051303065071	AE_1_duo	44.0	14.040785265970044	cosine	299.0	1.0
177	0.1	UMAPModel(set_op_mix_ratio=[1.0], metric=['cosine'], n_components=[256, 299, 300], dim_reducer='umap')	1.0	100.0	1.0	0.9644854982257423	1.0	0.9925864007722085	doc2vecapnews	/home/philipp/projects/dad4td/models/apnews_dbow/doc2vec.bin	apnews	doc2vec	0.9363845956792759	0.9773618538324421	0.8987051303065071	AE_2_duo	44.0	10.509695054031909	cosine	299.0	1.0
178	0.1	UMAPModel(set_op_mix_ratio=[1.0], metric=['cosine'], n_components=[256, 299, 300], dim_reducer='umap')	1.0	100.0	1.0	0.9644854982257423	1.0	0.9925864007722085	doc2vecapnews	/home/philipp/projects/dad4td/models/apnews_dbow/doc2vec.bin	apnews	doc2vec	0.9363845956792759	0.9773618538324421	0.8987051303065071	AE_3_duo	44.0	14.033592607011087	cosine	299.0	1.0
179	0.1	UMAPModel(set_op_mix_ratio=[1.0], metric=['cosine'], n_components=[256, 299, 300], dim_reducer='umap')	1.0	100.0	1.0	0.9644854982257423	1.0	0.9925864007722085	doc2vecapnews	/home/philipp/projects/dad4td/models/apnews_dbow/doc2vec.bin	apnews	doc2vec	0.9363845956792759	0.9773618538324421	0.8987051303065071	AE_5_duo	44.0	21.041965537006035	cosine	299.0	1.0
180	0.1	UMAPModel(set_op_mix_ratio=[1.0], metric=['cosine'], n_components=[256, 299, 300], dim_reducer='umap')	1.0	100.0	1.0	0.9645808391701026	1.0	0.9926063030520146	doc2vecapnews	/home/philipp/projects/dad4td/models/apnews_dbow/doc2vec.bin	apnews	doc2vec	0.9365553752881907	0.9775401069518717	0.8988690378626455	AE_10_duo	44.0	38.45159972598776	cosine	299.0	1.0
181	0.1	UMAPModel(set_op_mix_ratio=[1.0], metric=['cosine'], n_components=[256, 299, 300], dim_reducer='umap')	1.0	100.0	1.0	0.9644854982257423	1.0	0.9925864007722085	doc2vecapnews	/home/philipp/projects/dad4td/models/apnews_dbow/doc2vec.bin	apnews	doc2vec	0.9363845956792759	0.9773618538324421	0.8987051303065071	AE_1_micro	44.0	7.0979772440041415	cosine	299.0	1.0
182	0.1	UMAPModel(set_op_mix_ratio=[1.0], metric=['cosine'], n_components=[256, 299, 300], dim_reducer='umap')	1.0	100.0	1.0	0.9644854982257423	1.0	0.9925864007722085	doc2vecapnews	/home/philipp/projects/dad4td/models/apnews_dbow/doc2vec.bin	apnews	doc2vec	0.9363845956792759	0.9773618538324421	0.8987051303065071	AE_2_micro	44.0	10.264678280975204	cosine	299.0	1.0
183	0.1	UMAPModel(set_op_mix_ratio=[1.0], metric=['cosine'], n_components=[256, 299, 300], dim_reducer='umap')	1.0	100.0	1.0	0.9644854982257423	1.0	0.9925864007722085	doc2vecapnews	/home/philipp/projects/dad4td/models/apnews_dbow/doc2vec.bin	apnews	doc2vec	0.9363845956792759	0.9773618538324421	0.8987051303065071	AE_3_micro	44.0	13.95836909400532	cosine	299.0	1.0
184	0.1	UMAPModel(set_op_mix_ratio=[1.0], metric=['cosine'], n_components=[256, 299, 300], dim_reducer='umap')	1.0	100.0	1.0	0.9644854982257423	1.0	0.9925864007722085	doc2vecapnews	/home/philipp/projects/dad4td/models/apnews_dbow/doc2vec.bin	apnews	doc2vec	0.9363845956792759	0.9773618538324421	0.8987051303065071	AE_1_tiny	44.0	7.357605884957593	cosine	299.0	1.0
185	0.1	UMAPModel(set_op_mix_ratio=[1.0], metric=['cosine'], n_components=[256, 299, 300], dim_reducer='umap')	1.0	100.0	1.0	0.9644854982257423	1.0	0.9925864007722085	doc2vecapnews	/home/philipp/projects/dad4td/models/apnews_dbow/doc2vec.bin	apnews	doc2vec	0.9363845956792759	0.9773618538324421	0.8987051303065071	AE_2_tiny	44.0	10.894277396029793	cosine	299.0	1.0
186	0.1	UMAPModel(set_op_mix_ratio=[1.0], metric=['cosine'], n_components=[256, 299, 300], dim_reducer='umap')	1.0	100.0	1.0	0.9644854982257423	1.0	0.9925864007722085	doc2vecapnews	/home/philipp/projects/dad4td/models/apnews_dbow/doc2vec.bin	apnews	doc2vec	0.9363845956792759	0.9773618538324421	0.8987051303065071	AE_3_tiny	44.0	14.237960900994949	cosine	299.0	1.0
187	0.1	UMAPModel(set_op_mix_ratio=[1.0], metric=['cosine'], n_components=[256, 299, 300], dim_reducer='umap')	1.0	100.0	1.0	0.9636274297264984	1.0	0.9924072802539531	doc2vecapnews	/home/philipp/projects/dad4td/models/apnews_dbow/doc2vec.bin	apnews	doc2vec	0.9348475791990436	0.9757575757575757	0.8972299623012621	AE_1_mono	44.0	14.46603499801131	cosine	300.0	1.0
188	0.1	UMAPModel(set_op_mix_ratio=[1.0], metric=['cosine'], n_components=[256, 299, 300], dim_reducer='umap')	1.0	100.0	1.0	0.9637227706708588	1.0	0.9924271825337593	doc2vecapnews	/home/philipp/projects/dad4td/models/apnews_dbow/doc2vec.bin	apnews	doc2vec	0.9350183588079582	0.9759358288770054	0.8973938698574004	AE_3_duo_as	44.0	15.305267832998652	cosine	300.0	1.0
189	0.1	UMAPModel(set_op_mix_ratio=[1.0], metric=['cosine'], n_components=[256, 299, 300], dim_reducer='umap')	1.0	100.0	1.0	0.9635320887821379	1.0	0.9923873779741469	doc2vecapnews	/home/philipp/projects/dad4td/models/apnews_dbow/doc2vec.bin	apnews	doc2vec	0.934676799590129	0.9755793226381462	0.8970660547451238	AE_2_mono	44.0	24.724754502007272	cosine	300.0	1.0
190	0.1	UMAPModel(set_op_mix_ratio=[1.0], metric=['cosine'], n_components=[256, 299, 300], dim_reducer='umap')	1.0	100.0	1.0	0.9636274297264984	1.0	0.9924072802539531	doc2vecapnews	/home/philipp/projects/dad4td/models/apnews_dbow/doc2vec.bin	apnews	doc2vec	0.9348475791990436	0.9757575757575757	0.8972299623012621	AE_3_mono	44.0	14.98336323100375	cosine	300.0	1.0
191	0.1	UMAPModel(set_op_mix_ratio=[1.0], metric=['cosine'], n_components=[256, 299, 300], dim_reducer='umap')	1.0	100.0	1.0	0.9637227706708588	1.0	0.9924271825337593	doc2vecapnews	/home/philipp/projects/dad4td/models/apnews_dbow/doc2vec.bin	apnews	doc2vec	0.9350183588079582	0.9759358288770054	0.8973938698574004	AE_5_mono	44.0	21.545650874031708	cosine	300.0	1.0
192	0.1	UMAPModel(set_op_mix_ratio=[1.0], metric=['cosine'], n_components=[256, 299, 300], dim_reducer='umap')	1.0	100.0	1.0	0.9638181116152192	1.0	0.9924470848135655	doc2vecapnews	/home/philipp/projects/dad4td/models/apnews_dbow/doc2vec.bin	apnews	doc2vec	0.935189138416873	0.9761140819964349	0.8975577774135388	AE_10_mono	44.0	39.55880199599778	cosine	300.0	1.0
193	0.1	UMAPModel(set_op_mix_ratio=[1.0], metric=['cosine'], n_components=[256, 299, 300], dim_reducer='umap')	1.0	100.0	1.0	0.9635320887821379	1.0	0.9923873779741469	doc2vecapnews	/home/philipp/projects/dad4td/models/apnews_dbow/doc2vec.bin	apnews	doc2vec	0.934676799590129	0.9755793226381462	0.8970660547451238	AE_1_duo	44.0	7.396070679009426	cosine	300.0	1.0
194	0.1	UMAPModel(set_op_mix_ratio=[1.0], metric=['cosine'], n_components=[256, 299, 300], dim_reducer='umap')	1.0	100.0	1.0	0.9635320887821379	1.0	0.9923873779741469	doc2vecapnews	/home/philipp/projects/dad4td/models/apnews_dbow/doc2vec.bin	apnews	doc2vec	0.934676799590129	0.9755793226381462	0.8970660547451238	AE_2_duo	44.0	10.744352403038647	cosine	300.0	1.0
195	0.1	UMAPModel(set_op_mix_ratio=[1.0], metric=['cosine'], n_components=[256, 299, 300], dim_reducer='umap')	1.0	100.0	1.0	0.9636274297264984	1.0	0.9924072802539531	doc2vecapnews	/home/philipp/projects/dad4td/models/apnews_dbow/doc2vec.bin	apnews	doc2vec	0.9348475791990436	0.9757575757575757	0.8972299623012621	AE_3_duo	44.0	14.126317459042184	cosine	300.0	1.0
196	0.1	UMAPModel(set_op_mix_ratio=[1.0], metric=['cosine'], n_components=[256, 299, 300], dim_reducer='umap')	1.0	100.0	1.0	0.9637227706708588	1.0	0.9924271825337593	doc2vecapnews	/home/philipp/projects/dad4td/models/apnews_dbow/doc2vec.bin	apnews	doc2vec	0.9350183588079582	0.9759358288770054	0.8973938698574004	AE_5_duo	44.0	21.05184680101229	cosine	300.0	1.0
197	0.1	UMAPModel(set_op_mix_ratio=[1.0], metric=['cosine'], n_components=[256, 299, 300], dim_reducer='umap')	1.0	100.0	1.0	0.9638181116152192	1.0	0.9924470848135655	doc2vecapnews	/home/philipp/projects/dad4td/models/apnews_dbow/doc2vec.bin	apnews	doc2vec	0.935189138416873	0.9761140819964349	0.8975577774135388	AE_10_duo	44.0	39.012334592000116	cosine	300.0	1.0
198	0.1	UMAPModel(set_op_mix_ratio=[1.0], metric=['cosine'], n_components=[256, 299, 300], dim_reducer='umap')	1.0	100.0	1.0	0.9637227706708588	1.0	0.9924271825337593	doc2vecapnews	/home/philipp/projects/dad4td/models/apnews_dbow/doc2vec.bin	apnews	doc2vec	0.9350183588079582	0.9759358288770054	0.8973938698574004	AE_1_micro	44.0	6.926956776005682	cosine	300.0	1.0
199	0.1	UMAPModel(set_op_mix_ratio=[1.0], metric=['cosine'], n_components=[256, 299, 300], dim_reducer='umap')	1.0	100.0	1.0	0.9638181116152192	1.0	0.9924470848135655	doc2vecapnews	/home/philipp/projects/dad4td/models/apnews_dbow/doc2vec.bin	apnews	doc2vec	0.935189138416873	0.9761140819964349	0.8975577774135388	AE_2_micro	44.0	10.367713965999428	cosine	300.0	1.0
200	0.1	UMAPModel(set_op_mix_ratio=[1.0], metric=['cosine'], n_components=[256, 299, 300], dim_reducer='umap')	1.0	100.0	1.0	0.9638181116152192	1.0	0.9924470848135655	doc2vecapnews	/home/philipp/projects/dad4td/models/apnews_dbow/doc2vec.bin	apnews	doc2vec	0.935189138416873	0.9761140819964349	0.8975577774135388	AE_3_micro	44.0	13.992915716022253	cosine	300.0	1.0
201	0.1	UMAPModel(set_op_mix_ratio=[1.0], metric=['cosine'], n_components=[256, 299, 300], dim_reducer='umap')	1.0	100.0	1.0	0.9637227706708588	1.0	0.9924271825337593	doc2vecapnews	/home/philipp/projects/dad4td/models/apnews_dbow/doc2vec.bin	apnews	doc2vec	0.9350183588079582	0.9759358288770054	0.8973938698574004	AE_1_tiny	44.0	6.943651954992674	cosine	300.0	1.0
202	0.1	UMAPModel(set_op_mix_ratio=[1.0], metric=['cosine'], n_components=[256, 299, 300], dim_reducer='umap')	1.0	100.0	1.0	0.9638181116152192	1.0	0.9924470848135655	doc2vecapnews	/home/philipp/projects/dad4td/models/apnews_dbow/doc2vec.bin	apnews	doc2vec	0.935189138416873	0.9761140819964349	0.8975577774135388	AE_2_tiny	44.0	10.174414244946092	cosine	300.0	1.0
203	0.1	UMAPModel(set_op_mix_ratio=[1.0], metric=['cosine'], n_components=[256, 299, 300], dim_reducer='umap')	1.0	100.0	1.0	0.9638181116152192	1.0	0.9924470848135655	doc2vecapnews	/home/philipp/projects/dad4td/models/apnews_dbow/doc2vec.bin	apnews	doc2vec	0.935189138416873	0.9761140819964349	0.8975577774135388	AE_3_tiny	44.0	13.514219894015696	cosine	300.0	1.0
