	contamination	dim_reducer	doc2vec_data_frac	doc2vec_epochs	doc2vec_min_count	f1_macro	fraction	in_f1	metric	model_name	model_path	model_train_data	model_type	n_components	out_f1	out_prec	out_rec	outlier_detector	seed	set_op_mix_ratio	time
0	0.1	UMAPModel(set_op_mix_ratio=[1.0], metric=['cosine'], n_components=[8, 16, 32], dim_reducer='umap')	1.0	100.0	1.0	0.9301442151605985	0.05	0.9866534849233811	cosine	doc2vecapnews	/home/philipp/projects/dad4td/models/apnews_dbow/doc2vec.bin	apnews	doc2vec	8.0	0.8736349453978159	0.8333333333333334	0.9180327868852459	AE_10_tiny	42.0	1.0	3.2731304410262965
1	0.1	UMAPModel(set_op_mix_ratio=[1.0], metric=['cosine'], n_components=[8, 16, 32], dim_reducer='umap')	1.0	100.0	1.0	0.9301442151605985	0.05	0.9866534849233811	cosine	doc2vecapnews	/home/philipp/projects/dad4td/models/apnews_dbow/doc2vec.bin	apnews	doc2vec	8.0	0.8736349453978159	0.8333333333333334	0.9180327868852459	AE_30_tiny	42.0	1.0	3.9382127589778975
2	0.1	UMAPModel(set_op_mix_ratio=[1.0], metric=['cosine'], n_components=[8, 16, 32], dim_reducer='umap')	1.0	100.0	1.0	0.9249697125799021	0.05	0.9856648541769649	cosine	doc2vecapnews	/home/philipp/projects/dad4td/models/apnews_dbow/doc2vec.bin	apnews	doc2vec	16.0	0.8642745709828393	0.8244047619047619	0.9081967213114754	AE_10_tiny	42.0	1.0	2.0575492109637707
3	0.1	UMAPModel(set_op_mix_ratio=[1.0], metric=['cosine'], n_components=[8, 16, 32], dim_reducer='umap')	1.0	100.0	1.0	0.9197952099992057	0.05	0.9846762234305487	cosine	doc2vecapnews	/home/philipp/projects/dad4td/models/apnews_dbow/doc2vec.bin	apnews	doc2vec	16.0	0.8549141965678627	0.8154761904761905	0.898360655737705	AE_30_tiny	42.0	1.0	4.029829506995156
4	0.1	UMAPModel(set_op_mix_ratio=[1.0], metric=['cosine'], n_components=[8, 16, 32], dim_reducer='umap')	1.0	100.0	1.0	0.9077213706442474	0.05	0.9823694183555776	cosine	doc2vecapnews	/home/philipp/projects/dad4td/models/apnews_dbow/doc2vec.bin	apnews	doc2vec	32.0	0.8330733229329172	0.7946428571428571	0.8754098360655738	AE_10_tiny	42.0	1.0	2.1725973000284284
5	0.1	UMAPModel(set_op_mix_ratio=[1.0], metric=['cosine'], n_components=[8, 16, 32], dim_reducer='umap')	1.0	100.0	1.0	0.9077213706442474	0.05	0.9823694183555776	cosine	doc2vecapnews	/home/philipp/projects/dad4td/models/apnews_dbow/doc2vec.bin	apnews	doc2vec	32.0	0.8330733229329172	0.7946428571428571	0.8754098360655738	AE_30_tiny	42.0	1.0	4.239213405002374
6	0.1	UMAPModel(set_op_mix_ratio=[1.0], metric=['cosine'], n_components=[8, 16, 32], dim_reducer='umap')	1.0	100.0	1.0	0.8111306558045812	0.05	0.9639149777558083	cosine	doc2vec_wiki_all	/home/philipp/projects/dad4td/models/enwiki_dbow/doc2vec.bin	wiki_EN	doc2vec	8.0	0.6583463338533541	0.6279761904761905	0.6918032786885245	AE_10_tiny	42.0	1.0	2.0698277769843116
7	0.1	UMAPModel(set_op_mix_ratio=[1.0], metric=['cosine'], n_components=[8, 16, 32], dim_reducer='umap')	1.0	100.0	1.0	0.8094058216110157	0.05	0.9635854341736695	cosine	doc2vec_wiki_all	/home/philipp/projects/dad4td/models/enwiki_dbow/doc2vec.bin	wiki_EN	doc2vec	8.0	0.6552262090483619	0.625	0.6885245901639344	AE_30_tiny	42.0	1.0	3.9268935970030725
8	0.1	UMAPModel(set_op_mix_ratio=[1.0], metric=['cosine'], n_components=[8, 16, 32], dim_reducer='umap')	1.0	100.0	1.0	0.9232448783863366	0.05	0.9853353105948263	cosine	doc2vec_wiki_all	/home/philipp/projects/dad4td/models/enwiki_dbow/doc2vec.bin	wiki_EN	doc2vec	16.0	0.861154446177847	0.8214285714285714	0.9049180327868852	AE_10_tiny	42.0	1.0	2.248636147007346
9	0.1	UMAPModel(set_op_mix_ratio=[1.0], metric=['cosine'], n_components=[8, 16, 32], dim_reducer='umap')	1.0	100.0	1.0	0.9215200441927711	0.05	0.9850057670126874	cosine	doc2vec_wiki_all	/home/philipp/projects/dad4td/models/enwiki_dbow/doc2vec.bin	wiki_EN	doc2vec	16.0	0.858034321372855	0.8184523809523809	0.9016393442622951	AE_30_tiny	42.0	1.0	4.025310886034276
10	0.1	UMAPModel(set_op_mix_ratio=[1.0], metric=['cosine'], n_components=[8, 16, 32], dim_reducer='umap')	1.0	100.0	1.0	0.8421776712887596	0.05	0.9698467622343055	cosine	doc2vec_wiki_all	/home/philipp/projects/dad4td/models/enwiki_dbow/doc2vec.bin	wiki_EN	doc2vec	32.0	0.7145085803432136	0.6815476190476191	0.7508196721311475	AE_10_tiny	42.0	1.0	2.1412239960045554
11	0.1	UMAPModel(set_op_mix_ratio=[1.0], metric=['cosine'], n_components=[8, 16, 32], dim_reducer='umap')	1.0	100.0	1.0	0.8387280029016286	0.05	0.969187675070028	cosine	doc2vec_wiki_all	/home/philipp/projects/dad4td/models/enwiki_dbow/doc2vec.bin	wiki_EN	doc2vec	32.0	0.7082683307332294	0.6755952380952381	0.7442622950819672	AE_30_tiny	42.0	1.0	4.293785410991404
12	0.1	UMAPModel(set_op_mix_ratio=[1.0], metric=['cosine'], n_components=[8, 16, 32], dim_reducer='umap')	0.1	10.0	1.0	0.7145399409649149	0.05	0.9454605371560388	cosine	doc2vecwikiimdb20news011001	/home/philipp/projects/dad4td/models/doc2vec_20_news_imdb_wiki_01_10_min1/doc2vec_wiki.bin	wiki_EN	doc2vec	8.0	0.483619344773791	0.46130952380952384	0.5081967213114754	AE_10_tiny	42.0	1.0	4.042420951009262
13	0.1	UMAPModel(set_op_mix_ratio=[1.0], metric=['cosine'], n_components=[8, 16, 32], dim_reducer='umap')	0.1	10.0	1.0	0.7266137803198732	0.05	0.9477673422310101	cosine	doc2vecwikiimdb20news011001	/home/philipp/projects/dad4td/models/doc2vec_20_news_imdb_wiki_01_10_min1/doc2vec_wiki.bin	wiki_EN	doc2vec	8.0	0.5054602184087363	0.48214285714285715	0.5311475409836065	AE_30_tiny	42.0	1.0	4.573653113970067
14	0.1	UMAPModel(set_op_mix_ratio=[1.0], metric=['cosine'], n_components=[8, 16, 32], dim_reducer='umap')	0.1	10.0	1.0	0.6800432570936057	0.05	0.9388696655132642	cosine	doc2vecwikiimdb20news011001	/home/philipp/projects/dad4td/models/doc2vec_20_news_imdb_wiki_01_10_min1/doc2vec_wiki.bin	wiki_EN	doc2vec	16.0	0.42121684867394704	0.4017857142857143	0.4426229508196721	AE_10_tiny	42.0	1.0	2.406492601032369
15	0.1	UMAPModel(set_op_mix_ratio=[1.0], metric=['cosine'], n_components=[8, 16, 32], dim_reducer='umap')	0.1	10.0	1.0	0.6817680912871711	0.05	0.9391992090954029	cosine	doc2vecwikiimdb20news011001	/home/philipp/projects/dad4td/models/doc2vec_20_news_imdb_wiki_01_10_min1/doc2vec_wiki.bin	wiki_EN	doc2vec	16.0	0.4243369734789392	0.40476190476190477	0.4459016393442623	AE_30_tiny	42.0	1.0	4.208510755037423
16	0.1	UMAPModel(set_op_mix_ratio=[1.0], metric=['cosine'], n_components=[8, 16, 32], dim_reducer='umap')	0.1	10.0	1.0	0.8128554899981466	0.05	0.9642445213379469	cosine	doc2vecwikiimdb20news011001	/home/philipp/projects/dad4td/models/doc2vec_20_news_imdb_wiki_01_10_min1/doc2vec_wiki.bin	wiki_EN	doc2vec	32.0	0.6614664586583463	0.6309523809523809	0.6950819672131148	AE_10_tiny	42.0	1.0	2.223384201002773
17	0.1	UMAPModel(set_op_mix_ratio=[1.0], metric=['cosine'], n_components=[8, 16, 32], dim_reducer='umap')	0.1	10.0	1.0	0.8111306558045812	0.05	0.9639149777558083	cosine	doc2vecwikiimdb20news011001	/home/philipp/projects/dad4td/models/doc2vec_20_news_imdb_wiki_01_10_min1/doc2vec_wiki.bin	wiki_EN	doc2vec	32.0	0.6583463338533541	0.6279761904761905	0.6918032786885245	AE_30_tiny	42.0	1.0	4.402808038983494
18	0.1	UMAPModel(set_op_mix_ratio=[1.0], metric=['cosine'], n_components=[8, 16, 32], dim_reducer='umap')	1.0	100.0	1.0	0.8835736919343308	0.05	0.9777558082056351	cosine	doc2vecapnews	/home/philipp/projects/dad4td/models/apnews_dbow/doc2vec.bin	apnews	doc2vec	8.0	0.7893915756630264	0.7529761904761905	0.8295081967213115	AE_10_tiny	43.0	1.0	2.092046925041359
19	0.1	UMAPModel(set_op_mix_ratio=[1.0], metric=['cosine'], n_components=[8, 16, 32], dim_reducer='umap')	1.0	100.0	1.0	0.8835736919343308	0.05	0.9777558082056351	cosine	doc2vecapnews	/home/philipp/projects/dad4td/models/apnews_dbow/doc2vec.bin	apnews	doc2vec	8.0	0.7893915756630264	0.7529761904761905	0.8295081967213115	AE_30_tiny	43.0	1.0	3.9964052450377494
20	0.1	UMAPModel(set_op_mix_ratio=[1.0], metric=['cosine'], n_components=[8, 16, 32], dim_reducer='umap')	1.0	100.0	1.0	0.8870233603214618	0.05	0.9784148953699127	cosine	doc2vecapnews	/home/philipp/projects/dad4td/models/apnews_dbow/doc2vec.bin	apnews	doc2vec	16.0	0.7956318252730109	0.7589285714285714	0.8360655737704918	AE_10_tiny	43.0	1.0	2.082696236029733
21	0.1	UMAPModel(set_op_mix_ratio=[1.0], metric=['cosine'], n_components=[8, 16, 32], dim_reducer='umap')	1.0	100.0	1.0	0.8870233603214618	0.05	0.9784148953699127	cosine	doc2vecapnews	/home/philipp/projects/dad4td/models/apnews_dbow/doc2vec.bin	apnews	doc2vec	16.0	0.7956318252730109	0.7589285714285714	0.8360655737704918	AE_30_tiny	43.0	1.0	4.011112328968011
22	0.1	UMAPModel(set_op_mix_ratio=[1.0], metric=['cosine'], n_components=[8, 16, 32], dim_reducer='umap')	1.0	100.0	1.0	0.9008220338699855	0.05	0.9810512440270226	cosine	doc2vecapnews	/home/philipp/projects/dad4td/models/apnews_dbow/doc2vec.bin	apnews	doc2vec	32.0	0.8205928237129485	0.7827380952380952	0.8622950819672132	AE_10_tiny	43.0	1.0	2.170435784966685
23	0.1	UMAPModel(set_op_mix_ratio=[1.0], metric=['cosine'], n_components=[8, 16, 32], dim_reducer='umap')	1.0	100.0	1.0	0.9008220338699855	0.05	0.9810512440270226	cosine	doc2vecapnews	/home/philipp/projects/dad4td/models/apnews_dbow/doc2vec.bin	apnews	doc2vec	32.0	0.8205928237129485	0.7827380952380952	0.8622950819672132	AE_30_tiny	43.0	1.0	4.266473676019814
24	0.1	UMAPModel(set_op_mix_ratio=[1.0], metric=['cosine'], n_components=[8, 16, 32], dim_reducer='umap')	1.0	100.0	1.0	0.8939226970957237	0.05	0.9797330696984676	cosine	doc2vec_wiki_all	/home/philipp/projects/dad4td/models/enwiki_dbow/doc2vec.bin	wiki_EN	doc2vec	8.0	0.8081123244929798	0.7708333333333334	0.8491803278688524	AE_10_tiny	43.0	1.0	2.093694648006931
25	0.1	UMAPModel(set_op_mix_ratio=[1.0], metric=['cosine'], n_components=[8, 16, 32], dim_reducer='umap')	1.0	100.0	1.0	0.8973723654828545	0.05	0.9803921568627451	cosine	doc2vec_wiki_all	/home/philipp/projects/dad4td/models/enwiki_dbow/doc2vec.bin	wiki_EN	doc2vec	8.0	0.814352574102964	0.7767857142857143	0.8557377049180328	AE_30_tiny	43.0	1.0	4.022378131980076
26	0.1	UMAPModel(set_op_mix_ratio=[1.0], metric=['cosine'], n_components=[8, 16, 32], dim_reducer='umap')	1.0	100.0	1.0	0.9146207074185093	0.05	0.9836875926841325	cosine	doc2vec_wiki_all	/home/philipp/projects/dad4td/models/enwiki_dbow/doc2vec.bin	wiki_EN	doc2vec	16.0	0.8455538221528862	0.8065476190476191	0.8885245901639345	AE_10_tiny	43.0	1.0	2.0668358220136724
27	0.1	UMAPModel(set_op_mix_ratio=[1.0], metric=['cosine'], n_components=[8, 16, 32], dim_reducer='umap')	1.0	100.0	1.0	0.9146207074185093	0.05	0.9836875926841325	cosine	doc2vec_wiki_all	/home/philipp/projects/dad4td/models/enwiki_dbow/doc2vec.bin	wiki_EN	doc2vec	16.0	0.8455538221528862	0.8065476190476191	0.8885245901639345	AE_30_tiny	43.0	1.0	4.375235825020354
28	0.1	UMAPModel(set_op_mix_ratio=[1.0], metric=['cosine'], n_components=[8, 16, 32], dim_reducer='umap')	1.0	100.0	1.0	0.8852985261278963	0.05	0.9780853517877739	cosine	doc2vec_wiki_all	/home/philipp/projects/dad4td/models/enwiki_dbow/doc2vec.bin	wiki_EN	doc2vec	32.0	0.7925117004680187	0.7559523809523809	0.8327868852459016	AE_10_tiny	43.0	1.0	2.169668897986412
29	0.1	UMAPModel(set_op_mix_ratio=[1.0], metric=['cosine'], n_components=[8, 16, 32], dim_reducer='umap')	1.0	100.0	1.0	0.8887481945150273	0.05	0.9787444389520514	cosine	doc2vec_wiki_all	/home/philipp/projects/dad4td/models/enwiki_dbow/doc2vec.bin	wiki_EN	doc2vec	32.0	0.7987519500780031	0.7619047619047619	0.839344262295082	AE_30_tiny	43.0	1.0	4.414816475007683
30	0.1	UMAPModel(set_op_mix_ratio=[1.0], metric=['cosine'], n_components=[8, 16, 32], dim_reducer='umap')	0.1	10.0	1.0	0.7869829770946646	0.05	0.9593013676058658	cosine	doc2vecwikiimdb20news011001	/home/philipp/projects/dad4td/models/doc2vec_20_news_imdb_wiki_01_10_min1/doc2vec_wiki.bin	wiki_EN	doc2vec	8.0	0.6146645865834635	0.5863095238095238	0.6459016393442623	AE_10_tiny	43.0	1.0	4.342547249980271
31	0.1	UMAPModel(set_op_mix_ratio=[1.0], metric=['cosine'], n_components=[8, 16, 32], dim_reducer='umap')	0.1	10.0	1.0	0.8059561532238848	0.05	0.962926347009392	cosine	doc2vecwikiimdb20news011001	/home/philipp/projects/dad4td/models/doc2vec_20_news_imdb_wiki_01_10_min1/doc2vec_wiki.bin	wiki_EN	doc2vec	8.0	0.6489859594383776	0.6190476190476191	0.6819672131147541	AE_30_tiny	43.0	1.0	5.175131869036704
32	0.1	UMAPModel(set_op_mix_ratio=[1.0], metric=['cosine'], n_components=[8, 16, 32], dim_reducer='umap')	0.1	10.0	1.0	0.8128554899981466	0.05	0.9642445213379469	cosine	doc2vecwikiimdb20news011001	/home/philipp/projects/dad4td/models/doc2vec_20_news_imdb_wiki_01_10_min1/doc2vec_wiki.bin	wiki_EN	doc2vec	16.0	0.6614664586583463	0.6309523809523809	0.6950819672131148	AE_10_tiny	43.0	1.0	2.7785991950077005
33	0.1	UMAPModel(set_op_mix_ratio=[1.0], metric=['cosine'], n_components=[8, 16, 32], dim_reducer='umap')	0.1	10.0	1.0	0.8301038319338012	0.05	0.9675399571593343	cosine	doc2vecwikiimdb20news011001	/home/philipp/projects/dad4td/models/doc2vec_20_news_imdb_wiki_01_10_min1/doc2vec_wiki.bin	wiki_EN	doc2vec	16.0	0.6926677067082683	0.6607142857142857	0.7278688524590164	AE_30_tiny	43.0	1.0	4.956467036972754
34	0.1	UMAPModel(set_op_mix_ratio=[1.0], metric=['cosine'], n_components=[8, 16, 32], dim_reducer='umap')	0.1	10.0	1.0	0.8197548267724085	0.05	0.9655626956665019	cosine	doc2vecwikiimdb20news011001	/home/philipp/projects/dad4td/models/doc2vec_20_news_imdb_wiki_01_10_min1/doc2vec_wiki.bin	wiki_EN	doc2vec	32.0	0.6739469578783152	0.6428571428571429	0.7081967213114754	AE_10_tiny	43.0	1.0	2.519989403022919
35	0.1	UMAPModel(set_op_mix_ratio=[1.0], metric=['cosine'], n_components=[8, 16, 32], dim_reducer='umap')	0.1	10.0	1.0	0.8197548267724085	0.05	0.9655626956665019	cosine	doc2vecwikiimdb20news011001	/home/philipp/projects/dad4td/models/doc2vec_20_news_imdb_wiki_01_10_min1/doc2vec_wiki.bin	wiki_EN	doc2vec	32.0	0.6739469578783152	0.6428571428571429	0.7081967213114754	AE_30_tiny	43.0	1.0	4.603981202992145
36	0.1	UMAPModel(set_op_mix_ratio=[1.0], metric=['cosine'], n_components=[8, 16, 32], dim_reducer='umap')	1.0	100.0	1.0	0.9353187177412949	0.05	0.9876421156697973	cosine	doc2vecapnews	/home/philipp/projects/dad4td/models/apnews_dbow/doc2vec.bin	apnews	doc2vec	8.0	0.8829953198127926	0.8422619047619048	0.9278688524590164	AE_10_tiny	44.0	1.0	2.1506830060388893
37	0.1	UMAPModel(set_op_mix_ratio=[1.0], metric=['cosine'], n_components=[8, 16, 32], dim_reducer='umap')	1.0	100.0	1.0	0.9335938835477294	0.05	0.9873125720876585	cosine	doc2vecapnews	/home/philipp/projects/dad4td/models/apnews_dbow/doc2vec.bin	apnews	doc2vec	8.0	0.8798751950078003	0.8392857142857143	0.9245901639344263	AE_30_tiny	44.0	1.0	4.071017475973349
38	0.1	UMAPModel(set_op_mix_ratio=[1.0], metric=['cosine'], n_components=[8, 16, 32], dim_reducer='umap')	1.0	100.0	1.0	0.9335938835477294	0.05	0.9873125720876585	cosine	doc2vecapnews	/home/philipp/projects/dad4td/models/apnews_dbow/doc2vec.bin	apnews	doc2vec	16.0	0.8798751950078003	0.8392857142857143	0.9245901639344263	AE_10_tiny	44.0	1.0	2.1216178209870122
39	0.1	UMAPModel(set_op_mix_ratio=[1.0], metric=['cosine'], n_components=[8, 16, 32], dim_reducer='umap')	1.0	100.0	1.0	0.9335938835477294	0.05	0.9873125720876585	cosine	doc2vecapnews	/home/philipp/projects/dad4td/models/apnews_dbow/doc2vec.bin	apnews	doc2vec	16.0	0.8798751950078003	0.8392857142857143	0.9245901639344263	AE_30_tiny	44.0	1.0	4.057527507015038
40	0.1	UMAPModel(set_op_mix_ratio=[1.0], metric=['cosine'], n_components=[8, 16, 32], dim_reducer='umap')	1.0	100.0	1.0	0.9249697125799021	0.05	0.9856648541769649	cosine	doc2vecapnews	/home/philipp/projects/dad4td/models/apnews_dbow/doc2vec.bin	apnews	doc2vec	32.0	0.8642745709828393	0.8244047619047619	0.9081967213114754	AE_10_tiny	44.0	1.0	2.158824170997832
41	0.1	UMAPModel(set_op_mix_ratio=[1.0], metric=['cosine'], n_components=[8, 16, 32], dim_reducer='umap')	1.0	100.0	1.0	0.9232448783863366	0.05	0.9853353105948263	cosine	doc2vecapnews	/home/philipp/projects/dad4td/models/apnews_dbow/doc2vec.bin	apnews	doc2vec	32.0	0.861154446177847	0.8214285714285714	0.9049180327868852	AE_30_tiny	44.0	1.0	4.886392946005799
42	0.1	UMAPModel(set_op_mix_ratio=[1.0], metric=['cosine'], n_components=[8, 16, 32], dim_reducer='umap')	1.0	100.0	1.0	0.7093654383842186	0.05	0.9444719064096228	cosine	doc2vec_wiki_all	/home/philipp/projects/dad4td/models/enwiki_dbow/doc2vec.bin	wiki_EN	doc2vec	8.0	0.4742589703588144	0.4523809523809524	0.49836065573770494	AE_10_tiny	44.0	1.0	2.1741780349984765
43	0.1	UMAPModel(set_op_mix_ratio=[1.0], metric=['cosine'], n_components=[8, 16, 32], dim_reducer='umap')	1.0	100.0	1.0	0.7352379512877005	0.05	0.9494150601417038	cosine	doc2vec_wiki_all	/home/philipp/projects/dad4td/models/enwiki_dbow/doc2vec.bin	wiki_EN	doc2vec	8.0	0.5210608424336973	0.49702380952380953	0.5475409836065573	AE_30_tiny	44.0	1.0	4.106139908952173
44	0.1	UMAPModel(set_op_mix_ratio=[1.0], metric=['cosine'], n_components=[8, 16, 32], dim_reducer='umap')	1.0	100.0	1.0	0.7266137803198732	0.05	0.9477673422310101	cosine	doc2vec_wiki_all	/home/philipp/projects/dad4td/models/enwiki_dbow/doc2vec.bin	wiki_EN	doc2vec	16.0	0.5054602184087363	0.48214285714285715	0.5311475409836065	AE_10_tiny	44.0	1.0	2.2047323200386018
45	0.1	UMAPModel(set_op_mix_ratio=[1.0], metric=['cosine'], n_components=[8, 16, 32], dim_reducer='umap')	1.0	100.0	1.0	0.7680098009654444	0.05	0.9556763882023397	cosine	doc2vec_wiki_all	/home/philipp/projects/dad4td/models/enwiki_dbow/doc2vec.bin	wiki_EN	doc2vec	16.0	0.5803432137285491	0.5535714285714286	0.6098360655737705	AE_30_tiny	44.0	1.0	4.040844451985322
46	0.1	UMAPModel(set_op_mix_ratio=[1.0], metric=['cosine'], n_components=[8, 16, 32], dim_reducer='umap')	1.0	100.0	1.0	0.9008220338699855	0.05	0.9810512440270226	cosine	doc2vec_wiki_all	/home/philipp/projects/dad4td/models/enwiki_dbow/doc2vec.bin	wiki_EN	doc2vec	32.0	0.8205928237129485	0.7827380952380952	0.8622950819672132	AE_10_tiny	44.0	1.0	2.2169871869846247
47	0.1	UMAPModel(set_op_mix_ratio=[1.0], metric=['cosine'], n_components=[8, 16, 32], dim_reducer='umap')	1.0	100.0	1.0	0.902546868063551	0.05	0.9813807876091613	cosine	doc2vec_wiki_all	/home/philipp/projects/dad4td/models/enwiki_dbow/doc2vec.bin	wiki_EN	doc2vec	32.0	0.8237129485179407	0.7857142857142857	0.8655737704918033	AE_30_tiny	44.0	1.0	4.336336158972699
48	0.1	UMAPModel(set_op_mix_ratio=[1.0], metric=['cosine'], n_components=[8, 16, 32], dim_reducer='umap')	0.1	10.0	1.0	0.8594260132244143	0.05	0.9731421980556928	cosine	doc2vecwikiimdb20news011001	/home/philipp/projects/dad4td/models/doc2vec_20_news_imdb_wiki_01_10_min1/doc2vec_wiki.bin	wiki_EN	doc2vec	8.0	0.7457098283931357	0.7113095238095238	0.7836065573770492	AE_10_tiny	44.0	1.0	4.544228285027202
49	0.1	UMAPModel(set_op_mix_ratio=[1.0], metric=['cosine'], n_components=[8, 16, 32], dim_reducer='umap')	0.1	10.0	1.0	0.8611508474179796	0.05	0.9734717416378316	cosine	doc2vecwikiimdb20news011001	/home/philipp/projects/dad4td/models/doc2vec_20_news_imdb_wiki_01_10_min1/doc2vec_wiki.bin	wiki_EN	doc2vec	8.0	0.7488299531981278	0.7142857142857143	0.7868852459016393	AE_30_tiny	44.0	1.0	5.078898927022237
50	0.1	UMAPModel(set_op_mix_ratio=[1.0], metric=['cosine'], n_components=[8, 16, 32], dim_reducer='umap')	0.1	10.0	1.0	0.8456273396758905	0.05	0.970505849398583	cosine	doc2vecwikiimdb20news011001	/home/philipp/projects/dad4td/models/doc2vec_20_news_imdb_wiki_01_10_min1/doc2vec_wiki.bin	wiki_EN	doc2vec	16.0	0.7207488299531981	0.6875	0.7573770491803279	AE_10_tiny	44.0	1.0	2.8090994950034656
51	0.1	UMAPModel(set_op_mix_ratio=[1.0], metric=['cosine'], n_components=[8, 16, 32], dim_reducer='umap')	0.1	10.0	1.0	0.8490770080630214	0.05	0.9711649365628603	cosine	doc2vecwikiimdb20news011001	/home/philipp/projects/dad4td/models/doc2vec_20_news_imdb_wiki_01_10_min1/doc2vec_wiki.bin	wiki_EN	doc2vec	16.0	0.7269890795631826	0.6934523809523809	0.7639344262295082	AE_30_tiny	44.0	1.0	4.67506705300184
52	0.1	UMAPModel(set_op_mix_ratio=[1.0], metric=['cosine'], n_components=[8, 16, 32], dim_reducer='umap')	0.1	10.0	1.0	0.8714998525793727	0.05	0.9754490031306642	cosine	doc2vecwikiimdb20news011001	/home/philipp/projects/dad4td/models/doc2vec_20_news_imdb_wiki_01_10_min1/doc2vec_wiki.bin	wiki_EN	doc2vec	32.0	0.7675507020280811	0.7321428571428571	0.8065573770491803	AE_10_tiny	44.0	1.0	2.68182756297756
53	0.1	UMAPModel(set_op_mix_ratio=[1.0], metric=['cosine'], n_components=[8, 16, 32], dim_reducer='umap')	0.1	10.0	1.0	0.8749495209665035	0.05	0.9761080902949415	cosine	doc2vecwikiimdb20news011001	/home/philipp/projects/dad4td/models/doc2vec_20_news_imdb_wiki_01_10_min1/doc2vec_wiki.bin	wiki_EN	doc2vec	32.0	0.7737909516380655	0.7380952380952381	0.8131147540983606	AE_30_tiny	44.0	1.0	4.851027648022864
54	0.1	UMAPModel(set_op_mix_ratio=[1.0], metric=['cosine'], n_components=[8, 16, 32], dim_reducer='umap')	1.0	100.0	1.0	0.9193089704944266	0.1	0.9845976443456059	cosine	doc2vecapnews	/home/philipp/projects/dad4td/models/apnews_dbow/doc2vec.bin	apnews	doc2vec	8.0	0.8540202966432474	0.8152011922503726	0.8967213114754098	AE_10_tiny	42.0	1.0	2.9394648690358736
55	0.1	UMAPModel(set_op_mix_ratio=[1.0], metric=['cosine'], n_components=[8, 16, 32], dim_reducer='umap')	1.0	100.0	1.0	0.95728121967352	0.1	0.9918458117123796	cosine	doc2vecapnews	/home/philipp/projects/dad4td/models/apnews_dbow/doc2vec.bin	apnews	doc2vec	8.0	0.9227166276346603	0.8807749627421758	0.9688524590163935	AE_30_tiny	42.0	1.0	6.509006565029267
56	0.1	UMAPModel(set_op_mix_ratio=[1.0], metric=['cosine'], n_components=[8, 16, 32], dim_reducer='umap')	1.0	100.0	1.0	0.9590072309998423	0.1	0.9921752738654147	cosine	doc2vecapnews	/home/philipp/projects/dad4td/models/apnews_dbow/doc2vec.bin	apnews	doc2vec	16.0	0.92583918813427	0.8837555886736215	0.9721311475409836	AE_10_tiny	42.0	1.0	3.270800842961762
57	0.1	UMAPModel(set_op_mix_ratio=[1.0], metric=['cosine'], n_components=[8, 16, 32], dim_reducer='umap')	1.0	100.0	1.0	0.9590072309998423	0.1	0.9921752738654147	cosine	doc2vecapnews	/home/philipp/projects/dad4td/models/apnews_dbow/doc2vec.bin	apnews	doc2vec	16.0	0.92583918813427	0.8837555886736215	0.9721311475409836	AE_30_tiny	42.0	1.0	6.600334708055016
58	0.1	UMAPModel(set_op_mix_ratio=[1.0], metric=['cosine'], n_components=[8, 16, 32], dim_reducer='umap')	1.0	100.0	1.0	0.95728121967352	0.1	0.9918458117123796	cosine	doc2vecapnews	/home/philipp/projects/dad4td/models/apnews_dbow/doc2vec.bin	apnews	doc2vec	32.0	0.9227166276346603	0.8807749627421758	0.9688524590163935	AE_10_tiny	42.0	1.0	3.15515006397618
59	0.1	UMAPModel(set_op_mix_ratio=[1.0], metric=['cosine'], n_components=[8, 16, 32], dim_reducer='umap')	1.0	100.0	1.0	0.95728121967352	0.1	0.9918458117123796	cosine	doc2vecapnews	/home/philipp/projects/dad4td/models/apnews_dbow/doc2vec.bin	apnews	doc2vec	32.0	0.9227166276346603	0.8807749627421758	0.9688524590163935	AE_30_tiny	42.0	1.0	7.21463295299327
60	0.1	UMAPModel(set_op_mix_ratio=[1.0], metric=['cosine'], n_components=[8, 16, 32], dim_reducer='umap')	1.0	100.0	1.0	0.9201719761575878	0.1	0.9847623754221233	cosine	doc2vec_wiki_all	/home/philipp/projects/dad4td/models/enwiki_dbow/doc2vec.bin	wiki_EN	doc2vec	8.0	0.8555815768930524	0.8166915052160953	0.898360655737705	AE_10_tiny	42.0	1.0	2.965896879963111
61	0.1	UMAPModel(set_op_mix_ratio=[1.0], metric=['cosine'], n_components=[8, 16, 32], dim_reducer='umap')	1.0	100.0	1.0	0.9193089704944266	0.1	0.9845976443456059	cosine	doc2vec_wiki_all	/home/philipp/projects/dad4td/models/enwiki_dbow/doc2vec.bin	wiki_EN	doc2vec	8.0	0.8540202966432474	0.8152011922503726	0.8967213114754098	AE_30_tiny	42.0	1.0	6.5298747480264865
62	0.1	UMAPModel(set_op_mix_ratio=[1.0], metric=['cosine'], n_components=[8, 16, 32], dim_reducer='umap')	1.0	100.0	1.0	0.912404925189137	0.1	0.9832797957334651	cosine	doc2vec_wiki_all	/home/philipp/projects/dad4td/models/enwiki_dbow/doc2vec.bin	wiki_EN	doc2vec	16.0	0.8415300546448088	0.8032786885245902	0.8836065573770492	AE_10_tiny	42.0	1.0	2.9275398339959793
63	0.1	UMAPModel(set_op_mix_ratio=[1.0], metric=['cosine'], n_components=[8, 16, 32], dim_reducer='umap')	1.0	100.0	1.0	0.9141309365154593	0.1	0.9836092578865003	cosine	doc2vec_wiki_all	/home/philipp/projects/dad4td/models/enwiki_dbow/doc2vec.bin	wiki_EN	doc2vec	16.0	0.8446526151444184	0.8062593144560357	0.8868852459016393	AE_30_tiny	42.0	1.0	6.49557009403361
64	0.1	UMAPModel(set_op_mix_ratio=[1.0], metric=['cosine'], n_components=[8, 16, 32], dim_reducer='umap')	1.0	100.0	1.0	0.9089529025364921	0.1	0.9826208714273948	cosine	doc2vec_wiki_all	/home/philipp/projects/dad4td/models/enwiki_dbow/doc2vec.bin	wiki_EN	doc2vec	32.0	0.8352849336455893	0.797317436661699	0.8770491803278688	AE_10_tiny	42.0	1.0	3.168085904966574
65	0.1	UMAPModel(set_op_mix_ratio=[1.0], metric=['cosine'], n_components=[8, 16, 32], dim_reducer='umap')	1.0	100.0	1.0	0.9106789138628145	0.1	0.9829503335804299	cosine	doc2vec_wiki_all	/home/philipp/projects/dad4td/models/enwiki_dbow/doc2vec.bin	wiki_EN	doc2vec	32.0	0.8384074941451991	0.8002980625931445	0.8803278688524591	AE_30_tiny	42.0	1.0	7.189513030985836
66	0.1	UMAPModel(set_op_mix_ratio=[1.0], metric=['cosine'], n_components=[8, 16, 32], dim_reducer='umap')	0.1	10.0	1.0	0.7432558152095393	0.1	0.9509925047360185	cosine	doc2vecwikiimdb20news011001	/home/philipp/projects/dad4td/models/doc2vec_20_news_imdb_wiki_01_10_min1/doc2vec_wiki.bin	wiki_EN	doc2vec	8.0	0.5355191256830601	0.511177347242921	0.5622950819672131	AE_10_tiny	42.0	1.0	4.691305089043453
67	0.1	UMAPModel(set_op_mix_ratio=[1.0], metric=['cosine'], n_components=[8, 16, 32], dim_reducer='umap')	0.1	10.0	1.0	0.661270277209224	0.1	0.9353430524668478	cosine	doc2vecwikiimdb20news011001	/home/philipp/projects/dad4td/models/doc2vec_20_news_imdb_wiki_01_10_min1/doc2vec_wiki.bin	wiki_EN	doc2vec	8.0	0.3871975019516003	0.36959761549925485	0.4065573770491803	AE_30_tiny	42.0	1.0	7.336397752980702
68	0.1	UMAPModel(set_op_mix_ratio=[1.0], metric=['cosine'], n_components=[8, 16, 32], dim_reducer='umap')	0.1	10.0	1.0	0.7467078378621841	0.1	0.9516514290420888	cosine	doc2vecwikiimdb20news011001	/home/philipp/projects/dad4td/models/doc2vec_20_news_imdb_wiki_01_10_min1/doc2vec_wiki.bin	wiki_EN	doc2vec	16.0	0.5417642466822794	0.5171385991058122	0.5688524590163935	AE_10_tiny	42.0	1.0	3.6235809680074453
69	0.1	UMAPModel(set_op_mix_ratio=[1.0], metric=['cosine'], n_components=[8, 16, 32], dim_reducer='umap')	0.1	10.0	1.0	0.7536118831674739	0.1	0.9529692776542295	cosine	doc2vecwikiimdb20news011001	/home/philipp/projects/dad4td/models/doc2vec_20_news_imdb_wiki_01_10_min1/doc2vec_wiki.bin	wiki_EN	doc2vec	16.0	0.5542544886807182	0.5290611028315947	0.5819672131147541	AE_30_tiny	42.0	1.0	8.138929308974184
70	0.1	UMAPModel(set_op_mix_ratio=[1.0], metric=['cosine'], n_components=[8, 16, 32], dim_reducer='umap')	0.1	10.0	1.0	0.8390494438204339	0.1	0.9692776542294704	cosine	doc2vecwikiimdb20news011001	/home/philipp/projects/dad4td/models/doc2vec_20_news_imdb_wiki_01_10_min1/doc2vec_wiki.bin	wiki_EN	doc2vec	32.0	0.7088212334113974	0.676602086438152	0.7442622950819672	AE_10_tiny	42.0	1.0	3.2701020080130547
71	0.1	UMAPModel(set_op_mix_ratio=[1.0], metric=['cosine'], n_components=[8, 16, 32], dim_reducer='umap')	0.1	10.0	1.0	0.8381864381572727	0.1	0.9691129231529528	cosine	doc2vecwikiimdb20news011001	/home/philipp/projects/dad4td/models/doc2vec_20_news_imdb_wiki_01_10_min1/doc2vec_wiki.bin	wiki_EN	doc2vec	32.0	0.7072599531615925	0.6751117734724292	0.7426229508196721	AE_30_tiny	42.0	1.0	7.169542480958626
72	0.1	UMAPModel(set_op_mix_ratio=[1.0], metric=['cosine'], n_components=[8, 16, 32], dim_reducer='umap')	1.0	100.0	1.0	0.921034981820749	0.1	0.984927106498641	cosine	doc2vecapnews	/home/philipp/projects/dad4td/models/apnews_dbow/doc2vec.bin	apnews	doc2vec	8.0	0.8571428571428572	0.8181818181818182	0.9	AE_10_tiny	43.0	1.0	3.0341565089765936
73	0.1	UMAPModel(set_op_mix_ratio=[1.0], metric=['cosine'], n_components=[8, 16, 32], dim_reducer='umap')	1.0	100.0	1.0	0.9244870044733939	0.1	0.9855860308047113	cosine	doc2vecapnews	/home/philipp/projects/dad4td/models/apnews_dbow/doc2vec.bin	apnews	doc2vec	8.0	0.8633879781420766	0.8241430700447094	0.9065573770491804	AE_30_tiny	43.0	1.0	6.4688616580097005
74	0.1	UMAPModel(set_op_mix_ratio=[1.0], metric=['cosine'], n_components=[8, 16, 32], dim_reducer='umap')	1.0	100.0	1.0	0.9357060780944897	0.1	0.98772753479944	cosine	doc2vecapnews	/home/philipp/projects/dad4td/models/apnews_dbow/doc2vec.bin	apnews	doc2vec	16.0	0.8836846213895394	0.8435171385991058	0.9278688524590164	AE_10_tiny	43.0	1.0	2.9338207539985888
75	0.1	UMAPModel(set_op_mix_ratio=[1.0], metric=['cosine'], n_components=[8, 16, 32], dim_reducer='umap')	1.0	100.0	1.0	0.9348430724313284	0.1	0.9875628037229223	cosine	doc2vecapnews	/home/philipp/projects/dad4td/models/apnews_dbow/doc2vec.bin	apnews	doc2vec	16.0	0.8821233411397346	0.842026825633383	0.9262295081967213	AE_30_tiny	43.0	1.0	6.875896883022506
76	0.1	UMAPModel(set_op_mix_ratio=[1.0], metric=['cosine'], n_components=[8, 16, 32], dim_reducer='umap')	1.0	100.0	1.0	0.9374320894208121	0.1	0.9880569969524751	cosine	doc2vecapnews	/home/philipp/projects/dad4td/models/apnews_dbow/doc2vec.bin	apnews	doc2vec	32.0	0.8868071818891491	0.8464977645305514	0.9311475409836065	AE_10_tiny	43.0	1.0	3.232479896978475
77	0.1	UMAPModel(set_op_mix_ratio=[1.0], metric=['cosine'], n_components=[8, 16, 32], dim_reducer='umap')	1.0	100.0	1.0	0.9374320894208121	0.1	0.9880569969524751	cosine	doc2vecapnews	/home/philipp/projects/dad4td/models/apnews_dbow/doc2vec.bin	apnews	doc2vec	32.0	0.8868071818891491	0.8464977645305514	0.9311475409836065	AE_30_tiny	43.0	1.0	7.174718937953003
78	0.1	UMAPModel(set_op_mix_ratio=[1.0], metric=['cosine'], n_components=[8, 16, 32], dim_reducer='umap')	1.0	100.0	1.0	0.8390494438204339	0.1	0.9692776542294704	cosine	doc2vec_wiki_all	/home/philipp/projects/dad4td/models/enwiki_dbow/doc2vec.bin	wiki_EN	doc2vec	8.0	0.7088212334113974	0.676602086438152	0.7442622950819672	AE_10_tiny	43.0	1.0	2.942262404016219
79	0.1	UMAPModel(set_op_mix_ratio=[1.0], metric=['cosine'], n_components=[8, 16, 32], dim_reducer='umap')	1.0	100.0	1.0	0.8407754551467563	0.1	0.9696071163825055	cosine	doc2vec_wiki_all	/home/philipp/projects/dad4td/models/enwiki_dbow/doc2vec.bin	wiki_EN	doc2vec	8.0	0.711943793911007	0.6795827123695977	0.7475409836065574	AE_30_tiny	43.0	1.0	6.605683411005884
80	0.1	UMAPModel(set_op_mix_ratio=[1.0], metric=['cosine'], n_components=[8, 16, 32], dim_reducer='umap')	1.0	100.0	1.0	0.8977338289153963	0.1	0.9804793674326662	cosine	doc2vec_wiki_all	/home/philipp/projects/dad4td/models/enwiki_dbow/doc2vec.bin	wiki_EN	doc2vec	16.0	0.8149882903981265	0.7779433681073026	0.8557377049180328	AE_10_tiny	43.0	1.0	2.944026032986585
81	0.1	UMAPModel(set_op_mix_ratio=[1.0], metric=['cosine'], n_components=[8, 16, 32], dim_reducer='umap')	1.0	100.0	1.0	0.8985968345785575	0.1	0.9806440985091838	cosine	doc2vec_wiki_all	/home/philipp/projects/dad4td/models/enwiki_dbow/doc2vec.bin	wiki_EN	doc2vec	16.0	0.8165495706479313	0.7794336810730254	0.8573770491803279	AE_30_tiny	43.0	1.0	6.5461829109699465
82	0.1	UMAPModel(set_op_mix_ratio=[1.0], metric=['cosine'], n_components=[8, 16, 32], dim_reducer='umap')	1.0	100.0	1.0	0.8062552286203077	0.1	0.9630178733218022	cosine	doc2vec_wiki_all	/home/philipp/projects/dad4td/models/enwiki_dbow/doc2vec.bin	wiki_EN	doc2vec	32.0	0.6494925839188134	0.6199701937406855	0.6819672131147541	AE_10_tiny	43.0	1.0	3.1022345520323142
83	0.1	UMAPModel(set_op_mix_ratio=[1.0], metric=['cosine'], n_components=[8, 16, 32], dim_reducer='umap')	1.0	100.0	1.0	0.8010771946413404	0.1	0.9620294868626966	cosine	doc2vec_wiki_all	/home/philipp/projects/dad4td/models/enwiki_dbow/doc2vec.bin	wiki_EN	doc2vec	32.0	0.6401249024199843	0.6110283159463488	0.6721311475409836	AE_30_tiny	43.0	1.0	7.097638603008818
84	0.1	UMAPModel(set_op_mix_ratio=[1.0], metric=['cosine'], n_components=[8, 16, 32], dim_reducer='umap')	0.1	10.0	1.0	0.8407754551467563	0.1	0.9696071163825055	cosine	doc2vecwikiimdb20news011001	/home/philipp/projects/dad4td/models/doc2vec_20_news_imdb_wiki_01_10_min1/doc2vec_wiki.bin	wiki_EN	doc2vec	8.0	0.711943793911007	0.6795827123695977	0.7475409836065574	AE_10_tiny	43.0	1.0	6.18266368296463
85	0.1	UMAPModel(set_op_mix_ratio=[1.0], metric=['cosine'], n_components=[8, 16, 32], dim_reducer='umap')	0.1	10.0	1.0	0.8502685174415296	0.1	0.971419158224199	cosine	doc2vecwikiimdb20news011001	/home/philipp/projects/dad4td/models/doc2vec_20_news_imdb_wiki_01_10_min1/doc2vec_wiki.bin	wiki_EN	doc2vec	8.0	0.7291178766588604	0.6959761549925484	0.7655737704918033	AE_30_tiny	43.0	1.0	7.475537444988731
86	0.1	UMAPModel(set_op_mix_ratio=[1.0], metric=['cosine'], n_components=[8, 16, 32], dim_reducer='umap')	0.1	10.0	1.0	0.8166112965782424	0.1	0.9649946462400131	cosine	doc2vecwikiimdb20news011001	/home/philipp/projects/dad4td/models/doc2vec_20_news_imdb_wiki_01_10_min1/doc2vec_wiki.bin	wiki_EN	doc2vec	16.0	0.6682279469164716	0.6378539493293591	0.7016393442622951	AE_10_tiny	43.0	1.0	3.6436210880056024
87	0.1	UMAPModel(set_op_mix_ratio=[1.0], metric=['cosine'], n_components=[8, 16, 32], dim_reducer='umap')	0.1	10.0	1.0	0.8200633192308872	0.1	0.9656535705460835	cosine	doc2vecwikiimdb20news011001	/home/philipp/projects/dad4td/models/doc2vec_20_news_imdb_wiki_01_10_min1/doc2vec_wiki.bin	wiki_EN	doc2vec	16.0	0.6744730679156908	0.6438152011922503	0.7081967213114754	AE_30_tiny	43.0	1.0	7.702413571998477
88	0.1	UMAPModel(set_op_mix_ratio=[1.0], metric=['cosine'], n_components=[8, 16, 32], dim_reducer='umap')	0.1	10.0	1.0	0.8269673645361769	0.1	0.9669714191582243	cosine	doc2vecwikiimdb20news011001	/home/philipp/projects/dad4td/models/doc2vec_20_news_imdb_wiki_01_10_min1/doc2vec_wiki.bin	wiki_EN	doc2vec	32.0	0.6869633099141296	0.6557377049180327	0.7213114754098361	AE_10_tiny	43.0	1.0	5.325220464030281
89	0.1	UMAPModel(set_op_mix_ratio=[1.0], metric=['cosine'], n_components=[8, 16, 32], dim_reducer='umap')	0.1	10.0	1.0	0.8261043588730157	0.1	0.9668066880817067	cosine	doc2vecwikiimdb20news011001	/home/philipp/projects/dad4td/models/doc2vec_20_news_imdb_wiki_01_10_min1/doc2vec_wiki.bin	wiki_EN	doc2vec	32.0	0.6854020296643247	0.65424739195231	0.719672131147541	AE_30_tiny	43.0	1.0	11.94528209103737
90	0.1	UMAPModel(set_op_mix_ratio=[1.0], metric=['cosine'], n_components=[8, 16, 32], dim_reducer='umap')	1.0	100.0	1.0	0.949514168705069	0.1	0.9903632320237212	cosine	doc2vecapnews	/home/philipp/projects/dad4td/models/apnews_dbow/doc2vec.bin	apnews	doc2vec	8.0	0.9086651053864169	0.8673621460506706	0.9540983606557377	AE_10_tiny	44.0	1.0	4.411188605998177
91	0.1	UMAPModel(set_op_mix_ratio=[1.0], metric=['cosine'], n_components=[8, 16, 32], dim_reducer='umap')	1.0	100.0	1.0	0.9486511630419079	0.1	0.9901985009472037	cosine	doc2vecapnews	/home/philipp/projects/dad4td/models/apnews_dbow/doc2vec.bin	apnews	doc2vec	8.0	0.9071038251366121	0.8658718330849479	0.9524590163934427	AE_30_tiny	44.0	1.0	6.9462714529945515
92	0.1	UMAPModel(set_op_mix_ratio=[1.0], metric=['cosine'], n_components=[8, 16, 32], dim_reducer='umap')	1.0	100.0	1.0	0.949514168705069	0.1	0.9903632320237212	cosine	doc2vecapnews	/home/philipp/projects/dad4td/models/apnews_dbow/doc2vec.bin	apnews	doc2vec	16.0	0.9086651053864169	0.8673621460506706	0.9540983606557377	AE_10_tiny	44.0	1.0	4.145117585023399
93	0.1	UMAPModel(set_op_mix_ratio=[1.0], metric=['cosine'], n_components=[8, 16, 32], dim_reducer='umap')	1.0	100.0	1.0	0.949514168705069	0.1	0.9903632320237212	cosine	doc2vecapnews	/home/philipp/projects/dad4td/models/apnews_dbow/doc2vec.bin	apnews	doc2vec	16.0	0.9086651053864169	0.8673621460506706	0.9540983606557377	AE_30_tiny	44.0	1.0	9.794220444047824
94	0.1	UMAPModel(set_op_mix_ratio=[1.0], metric=['cosine'], n_components=[8, 16, 32], dim_reducer='umap')	1.0	100.0	1.0	0.949514168705069	0.1	0.9903632320237212	cosine	doc2vecapnews	/home/philipp/projects/dad4td/models/apnews_dbow/doc2vec.bin	apnews	doc2vec	32.0	0.9086651053864169	0.8673621460506706	0.9540983606557377	AE_10_tiny	44.0	1.0	4.749617225024849
95	0.1	UMAPModel(set_op_mix_ratio=[1.0], metric=['cosine'], n_components=[8, 16, 32], dim_reducer='umap')	1.0	100.0	1.0	0.949514168705069	0.1	0.9903632320237212	cosine	doc2vecapnews	/home/philipp/projects/dad4td/models/apnews_dbow/doc2vec.bin	apnews	doc2vec	32.0	0.9086651053864169	0.8673621460506706	0.9540983606557377	AE_30_tiny	44.0	1.0	11.06819031498162
96	0.1	UMAPModel(set_op_mix_ratio=[1.0], metric=['cosine'], n_components=[8, 16, 32], dim_reducer='umap')	1.0	100.0	1.0	0.9080898968733309	0.1	0.9824561403508772	cosine	doc2vec_wiki_all	/home/philipp/projects/dad4td/models/enwiki_dbow/doc2vec.bin	wiki_EN	doc2vec	8.0	0.8337236533957846	0.7958271236959762	0.8754098360655738	AE_10_tiny	44.0	1.0	3.198067451012321
97	0.1	UMAPModel(set_op_mix_ratio=[1.0], metric=['cosine'], n_components=[8, 16, 32], dim_reducer='umap')	1.0	100.0	1.0	0.9132679308522982	0.1	0.9834445268099826	cosine	doc2vec_wiki_all	/home/philipp/projects/dad4td/models/enwiki_dbow/doc2vec.bin	wiki_EN	doc2vec	8.0	0.8430913348946136	0.8047690014903129	0.8852459016393442	AE_30_tiny	44.0	1.0	6.814762750000227
98	0.1	UMAPModel(set_op_mix_ratio=[1.0], metric=['cosine'], n_components=[8, 16, 32], dim_reducer='umap')	1.0	100.0	1.0	0.8778846986626885	0.1	0.9766905526727617	cosine	doc2vec_wiki_all	/home/philipp/projects/dad4td/models/enwiki_dbow/doc2vec.bin	wiki_EN	doc2vec	16.0	0.7790788446526152	0.7436661698956781	0.8180327868852459	AE_10_tiny	44.0	1.0	3.182756182970479
99	0.1	UMAPModel(set_op_mix_ratio=[1.0], metric=['cosine'], n_components=[8, 16, 32], dim_reducer='umap')	1.0	100.0	1.0	0.9080898968733309	0.1	0.9824561403508772	cosine	doc2vec_wiki_all	/home/philipp/projects/dad4td/models/enwiki_dbow/doc2vec.bin	wiki_EN	doc2vec	16.0	0.8337236533957846	0.7958271236959762	0.8754098360655738	AE_30_tiny	44.0	1.0	6.485795692016836
100	0.1	UMAPModel(set_op_mix_ratio=[1.0], metric=['cosine'], n_components=[8, 16, 32], dim_reducer='umap')	1.0	100.0	1.0	0.9555552083471976	0.1	0.9915163495593444	cosine	doc2vec_wiki_all	/home/philipp/projects/dad4td/models/enwiki_dbow/doc2vec.bin	wiki_EN	doc2vec	32.0	0.9195940671350508	0.8777943368107303	0.9655737704918033	AE_10_tiny	44.0	1.0	3.0713444179855287
101	0.1	UMAPModel(set_op_mix_ratio=[1.0], metric=['cosine'], n_components=[8, 16, 32], dim_reducer='umap')	1.0	100.0	1.0	0.9555552083471976	0.1	0.9915163495593444	cosine	doc2vec_wiki_all	/home/philipp/projects/dad4td/models/enwiki_dbow/doc2vec.bin	wiki_EN	doc2vec	32.0	0.9195940671350508	0.8777943368107303	0.9655737704918033	AE_30_tiny	44.0	1.0	7.007056084985379
102	0.1	UMAPModel(set_op_mix_ratio=[1.0], metric=['cosine'], n_components=[8, 16, 32], dim_reducer='umap')	0.1	10.0	1.0	0.8166112965782424	0.1	0.9649946462400131	cosine	doc2vecwikiimdb20news011001	/home/philipp/projects/dad4td/models/doc2vec_20_news_imdb_wiki_01_10_min1/doc2vec_wiki.bin	wiki_EN	doc2vec	8.0	0.6682279469164716	0.6378539493293591	0.7016393442622951	AE_10_tiny	44.0	1.0	6.048503850994166
103	0.1	UMAPModel(set_op_mix_ratio=[1.0], metric=['cosine'], n_components=[8, 16, 32], dim_reducer='umap')	0.1	10.0	1.0	0.8425014664730788	0.1	0.9699365785355407	cosine	doc2vecwikiimdb20news011001	/home/philipp/projects/dad4td/models/doc2vec_20_news_imdb_wiki_01_10_min1/doc2vec_wiki.bin	wiki_EN	doc2vec	8.0	0.7150663544106167	0.6825633383010432	0.7508196721311475	AE_30_tiny	44.0	1.0	7.674554527970031
104	0.1	UMAPModel(set_op_mix_ratio=[1.0], metric=['cosine'], n_components=[8, 16, 32], dim_reducer='umap')	0.1	10.0	1.0	0.8373234324941115	0.1	0.9689481920764352	cosine	doc2vecwikiimdb20news011001	/home/philipp/projects/dad4td/models/doc2vec_20_news_imdb_wiki_01_10_min1/doc2vec_wiki.bin	wiki_EN	doc2vec	16.0	0.7056986729117877	0.6736214605067065	0.740983606557377	AE_10_tiny	44.0	1.0	4.581182933005039
105	0.1	UMAPModel(set_op_mix_ratio=[1.0], metric=['cosine'], n_components=[8, 16, 32], dim_reducer='umap')	0.1	10.0	1.0	0.8261043588730157	0.1	0.9668066880817067	cosine	doc2vecwikiimdb20news011001	/home/philipp/projects/dad4td/models/doc2vec_20_news_imdb_wiki_01_10_min1/doc2vec_wiki.bin	wiki_EN	doc2vec	16.0	0.6854020296643247	0.65424739195231	0.719672131147541	AE_30_tiny	44.0	1.0	10.07727797399275
106	0.1	UMAPModel(set_op_mix_ratio=[1.0], metric=['cosine'], n_components=[8, 16, 32], dim_reducer='umap')	0.1	10.0	1.0	0.8468164947888848	0.1	0.9707602339181287	cosine	doc2vecwikiimdb20news011001	/home/philipp/projects/dad4td/models/doc2vec_20_news_imdb_wiki_01_10_min1/doc2vec_wiki.bin	wiki_EN	doc2vec	32.0	0.7228727556596408	0.6900149031296572	0.759016393442623	AE_10_tiny	44.0	1.0	4.572912324976642
107	0.1	UMAPModel(set_op_mix_ratio=[1.0], metric=['cosine'], n_components=[8, 16, 32], dim_reducer='umap')	0.1	10.0	1.0	0.8485425061152072	0.1	0.9710896960711638	cosine	doc2vecwikiimdb20news011001	/home/philipp/projects/dad4td/models/doc2vec_20_news_imdb_wiki_01_10_min1/doc2vec_wiki.bin	wiki_EN	doc2vec	32.0	0.7259953161592506	0.6929955290611028	0.7622950819672131	AE_30_tiny	44.0	1.0	11.471374477026984
108	0.1	UMAPModel(set_op_mix_ratio=[1.0], metric=['cosine'], n_components=[8, 16, 32], dim_reducer='umap')	1.0	100.0	1.0	0.9511074691668081	0.15	0.9906644700713894	cosine	doc2vecapnews	/home/philipp/projects/dad4td/models/apnews_dbow/doc2vec.bin	apnews	doc2vec	8.0	0.9115504682622269	0.8699106256206555	0.9573770491803278	AE_10_tiny	42.0	1.0	5.983065433043521
109	0.1	UMAPModel(set_op_mix_ratio=[1.0], metric=['cosine'], n_components=[8, 16, 32], dim_reducer='umap')	1.0	100.0	1.0	0.9511074691668081	0.15	0.9906644700713894	cosine	doc2vecapnews	/home/philipp/projects/dad4td/models/apnews_dbow/doc2vec.bin	apnews	doc2vec	8.0	0.9115504682622269	0.8699106256206555	0.9573770491803278	AE_30_tiny	42.0	1.0	13.572026493027806
110	0.1	UMAPModel(set_op_mix_ratio=[1.0], metric=['cosine'], n_components=[8, 16, 32], dim_reducer='umap')	1.0	100.0	1.0	0.9516826754119043	0.15	0.9907742998352552	cosine	doc2vecapnews	/home/philipp/projects/dad4td/models/apnews_dbow/doc2vec.bin	apnews	doc2vec	16.0	0.9125910509885534	0.8709036742800397	0.9584699453551913	AE_10_tiny	42.0	1.0	4.981146702019032
111	0.1	UMAPModel(set_op_mix_ratio=[1.0], metric=['cosine'], n_components=[8, 16, 32], dim_reducer='umap')	1.0	100.0	1.0	0.9516826754119043	0.15	0.9907742998352552	cosine	doc2vecapnews	/home/philipp/projects/dad4td/models/apnews_dbow/doc2vec.bin	apnews	doc2vec	16.0	0.9125910509885534	0.8709036742800397	0.9584699453551913	AE_30_tiny	42.0	1.0	10.45990014099516
112	0.1	UMAPModel(set_op_mix_ratio=[1.0], metric=['cosine'], n_components=[8, 16, 32], dim_reducer='umap')	1.0	100.0	1.0	0.9499570566766153	0.15	0.9904448105436574	cosine	doc2vecapnews	/home/philipp/projects/dad4td/models/apnews_dbow/doc2vec.bin	apnews	doc2vec	32.0	0.9094693028095734	0.8679245283018868	0.9551912568306011	AE_10_tiny	42.0	1.0	5.284347045002505
113	0.1	UMAPModel(set_op_mix_ratio=[1.0], metric=['cosine'], n_components=[8, 16, 32], dim_reducer='umap')	1.0	100.0	1.0	0.9499570566766153	0.15	0.9904448105436574	cosine	doc2vecapnews	/home/philipp/projects/dad4td/models/apnews_dbow/doc2vec.bin	apnews	doc2vec	32.0	0.9094693028095734	0.8679245283018868	0.9551912568306011	AE_30_tiny	42.0	1.0	13.841728701023385
114	0.1	UMAPModel(set_op_mix_ratio=[1.0], metric=['cosine'], n_components=[8, 16, 32], dim_reducer='umap')	1.0	100.0	1.0	0.6991671338145957	0.15	0.942559033498078	cosine	doc2vec_wiki_all	/home/philipp/projects/dad4td/models/enwiki_dbow/doc2vec.bin	wiki_EN	doc2vec	8.0	0.4557752341311134	0.43495531281032773	0.4786885245901639	AE_10_tiny	42.0	1.0	4.2565472449641675
115	0.1	UMAPModel(set_op_mix_ratio=[1.0], metric=['cosine'], n_components=[8, 16, 32], dim_reducer='umap')	1.0	100.0	1.0	0.7210249711282579	0.15	0.9467325645249862	cosine	doc2vec_wiki_all	/home/philipp/projects/dad4td/models/enwiki_dbow/doc2vec.bin	wiki_EN	doc2vec	8.0	0.4953173777315297	0.4726911618669315	0.5202185792349727	AE_30_tiny	42.0	1.0	9.927197027951479
116	0.1	UMAPModel(set_op_mix_ratio=[1.0], metric=['cosine'], n_components=[8, 16, 32], dim_reducer='umap')	1.0	100.0	1.0	0.774519151922221	0.15	0.9569467325645251	cosine	doc2vec_wiki_all	/home/philipp/projects/dad4td/models/enwiki_dbow/doc2vec.bin	wiki_EN	doc2vec	16.0	0.5920915712799167	0.5650446871896723	0.6218579234972678	AE_10_tiny	42.0	1.0	4.3231086829910055
117	0.1	UMAPModel(set_op_mix_ratio=[1.0], metric=['cosine'], n_components=[8, 16, 32], dim_reducer='umap')	1.0	100.0	1.0	0.7733687394320281	0.15	0.9567270730367929	cosine	doc2vec_wiki_all	/home/philipp/projects/dad4td/models/enwiki_dbow/doc2vec.bin	wiki_EN	doc2vec	16.0	0.5900104058272633	0.5630585898709036	0.6196721311475409	AE_30_tiny	42.0	1.0	9.337207328993827
118	0.1	UMAPModel(set_op_mix_ratio=[1.0], metric=['cosine'], n_components=[8, 16, 32], dim_reducer='umap')	1.0	100.0	1.0	0.7463340459124985	0.15	0.9515650741350906	cosine	doc2vec_wiki_all	/home/philipp/projects/dad4td/models/enwiki_dbow/doc2vec.bin	wiki_EN	doc2vec	32.0	0.5411030176899063	0.5163853028798411	0.5683060109289617	AE_10_tiny	42.0	1.0	4.463776533026248
119	0.1	UMAPModel(set_op_mix_ratio=[1.0], metric=['cosine'], n_components=[8, 16, 32], dim_reducer='umap')	1.0	100.0	1.0	0.7428828084419203	0.15	0.9509060955518946	cosine	doc2vec_wiki_all	/home/philipp/projects/dad4td/models/enwiki_dbow/doc2vec.bin	wiki_EN	doc2vec	32.0	0.534859521331946	0.5104270109235353	0.5617486338797815	AE_30_tiny	42.0	1.0	11.329454247956164
120	0.1	UMAPModel(set_op_mix_ratio=[1.0], metric=['cosine'], n_components=[8, 16, 32], dim_reducer='umap')	0.1	10.0	1.0	0.7906249267849192	0.15	0.9600219659527731	cosine	doc2vecwikiimdb20news011001	/home/philipp/projects/dad4td/models/doc2vec_20_news_imdb_wiki_01_10_min1/doc2vec_wiki.bin	wiki_EN	doc2vec	8.0	0.6212278876170655	0.5928500496524329	0.6524590163934426	AE_10_tiny	42.0	1.0	6.806179056991823
121	0.1	UMAPModel(set_op_mix_ratio=[1.0], metric=['cosine'], n_components=[8, 16, 32], dim_reducer='umap')	0.1	10.0	1.0	0.7952265767456903	0.15	0.9609006040637011	cosine	doc2vecwikiimdb20news011001	/home/philipp/projects/dad4td/models/doc2vec_20_news_imdb_wiki_01_10_min1/doc2vec_wiki.bin	wiki_EN	doc2vec	8.0	0.6295525494276796	0.6007944389275075	0.6612021857923497	AE_30_tiny	42.0	1.0	10.090325632016174
122	0.1	UMAPModel(set_op_mix_ratio=[1.0], metric=['cosine'], n_components=[8, 16, 32], dim_reducer='umap')	0.1	10.0	1.0	0.8515967887651352	0.15	0.97166392092257	cosine	doc2vecwikiimdb20news011001	/home/philipp/projects/dad4td/models/doc2vec_20_news_imdb_wiki_01_10_min1/doc2vec_wiki.bin	wiki_EN	doc2vec	16.0	0.7315296566077004	0.6981132075471698	0.7683060109289618	AE_10_tiny	42.0	1.0	4.610187268001027
123	0.1	UMAPModel(set_op_mix_ratio=[1.0], metric=['cosine'], n_components=[8, 16, 32], dim_reducer='umap')	0.1	10.0	1.0	0.8504463762749424	0.15	0.9714442613948381	cosine	doc2vecwikiimdb20news011001	/home/philipp/projects/dad4td/models/doc2vec_20_news_imdb_wiki_01_10_min1/doc2vec_wiki.bin	wiki_EN	doc2vec	16.0	0.7294484911550467	0.6961271102284012	0.766120218579235	AE_30_tiny	42.0	1.0	9.999839163967408
124	0.1	UMAPModel(set_op_mix_ratio=[1.0], metric=['cosine'], n_components=[8, 16, 32], dim_reducer='umap')	0.1	10.0	1.0	0.8613752949317734	0.15	0.9735310269082921	cosine	doc2vecwikiimdb20news011001	/home/philipp/projects/dad4td/models/doc2vec_20_news_imdb_wiki_01_10_min1/doc2vec_wiki.bin	wiki_EN	doc2vec	32.0	0.7492195629552549	0.7149950347567031	0.7868852459016393	AE_10_tiny	42.0	1.0	4.5072150199557655
125	0.1	UMAPModel(set_op_mix_ratio=[1.0], metric=['cosine'], n_components=[8, 16, 32], dim_reducer='umap')	0.1	10.0	1.0	0.8561984387259062	0.15	0.9725425590334981	cosine	doc2vecwikiimdb20news011001	/home/philipp/projects/dad4td/models/doc2vec_20_news_imdb_wiki_01_10_min1/doc2vec_wiki.bin	wiki_EN	doc2vec	32.0	0.7398543184183143	0.7060575968222443	0.7770491803278688	AE_30_tiny	42.0	1.0	10.520489058981184
126	0.1	UMAPModel(set_op_mix_ratio=[1.0], metric=['cosine'], n_components=[8, 16, 32], dim_reducer='umap')	1.0	100.0	1.0	0.9476562316962298	0.15	0.9900054914881934	cosine	doc2vecapnews	/home/philipp/projects/dad4td/models/apnews_dbow/doc2vec.bin	apnews	doc2vec	8.0	0.9053069719042663	0.8639523336643495	0.9508196721311475	AE_10_tiny	43.0	1.0	4.017382819962222
127	0.1	UMAPModel(set_op_mix_ratio=[1.0], metric=['cosine'], n_components=[8, 16, 32], dim_reducer='umap')	1.0	100.0	1.0	0.9482314379413261	0.15	0.9901153212520593	cosine	doc2vecapnews	/home/philipp/projects/dad4td/models/apnews_dbow/doc2vec.bin	apnews	doc2vec	8.0	0.906347554630593	0.8649453823237339	0.9519125683060109	AE_30_tiny	43.0	1.0	9.226647025963757
128	0.1	UMAPModel(set_op_mix_ratio=[1.0], metric=['cosine'], n_components=[8, 16, 32], dim_reducer='umap')	1.0	100.0	1.0	0.935576900549206	0.15	0.9876990664470072	cosine	doc2vecapnews	/home/philipp/projects/dad4td/models/apnews_dbow/doc2vec.bin	apnews	doc2vec	16.0	0.8834547346514047	0.843098311817279	0.9278688524590164	AE_10_tiny	43.0	1.0	4.048431300965603
129	0.1	UMAPModel(set_op_mix_ratio=[1.0], metric=['cosine'], n_components=[8, 16, 32], dim_reducer='umap')	1.0	100.0	1.0	0.937302519284495	0.15	0.9880285557386052	cosine	doc2vecapnews	/home/philipp/projects/dad4td/models/apnews_dbow/doc2vec.bin	apnews	doc2vec	16.0	0.8865764828303849	0.846077457795432	0.9311475409836065	AE_30_tiny	43.0	1.0	9.35127891995944
130	0.1	UMAPModel(set_op_mix_ratio=[1.0], metric=['cosine'], n_components=[8, 16, 32], dim_reducer='umap')	1.0	100.0	1.0	0.9476562316962298	0.15	0.9900054914881934	cosine	doc2vecapnews	/home/philipp/projects/dad4td/models/apnews_dbow/doc2vec.bin	apnews	doc2vec	32.0	0.9053069719042663	0.8639523336643495	0.9508196721311475	AE_10_tiny	43.0	1.0	4.190326469019055
131	0.1	UMAPModel(set_op_mix_ratio=[1.0], metric=['cosine'], n_components=[8, 16, 32], dim_reducer='umap')	1.0	100.0	1.0	0.9476562316962298	0.15	0.9900054914881934	cosine	doc2vecapnews	/home/philipp/projects/dad4td/models/apnews_dbow/doc2vec.bin	apnews	doc2vec	32.0	0.9053069719042663	0.8639523336643495	0.9508196721311475	AE_30_tiny	43.0	1.0	10.19785973301623
132	0.1	UMAPModel(set_op_mix_ratio=[1.0], metric=['cosine'], n_components=[8, 16, 32], dim_reducer='umap')	1.0	100.0	1.0	0.852747201255328	0.15	0.9718835804503021	cosine	doc2vec_wiki_all	/home/philipp/projects/dad4td/models/enwiki_dbow/doc2vec.bin	wiki_EN	doc2vec	8.0	0.7336108220603539	0.7000993048659384	0.7704918032786885	AE_10_tiny	43.0	1.0	3.9504631930030882
133	0.1	UMAPModel(set_op_mix_ratio=[1.0], metric=['cosine'], n_components=[8, 16, 32], dim_reducer='umap')	1.0	100.0	1.0	0.86195050117687	0.15	0.9736408566721582	cosine	doc2vec_wiki_all	/home/philipp/projects/dad4td/models/enwiki_dbow/doc2vec.bin	wiki_EN	doc2vec	8.0	0.7502601456815818	0.7159880834160874	0.7879781420765027	AE_30_tiny	43.0	1.0	9.319411838951055
134	0.1	UMAPModel(set_op_mix_ratio=[1.0], metric=['cosine'], n_components=[8, 16, 32], dim_reducer='umap')	1.0	100.0	1.0	0.5306317040013577	0.15	0.9103789126853377	cosine	doc2vec_wiki_all	/home/philipp/projects/dad4td/models/enwiki_dbow/doc2vec.bin	wiki_EN	doc2vec	16.0	0.15088449531737774	0.14399205561072492	0.15846994535519127	AE_10_tiny	43.0	1.0	3.8753102800110355
135	0.1	UMAPModel(set_op_mix_ratio=[1.0], metric=['cosine'], n_components=[8, 16, 32], dim_reducer='umap')	1.0	100.0	1.0	0.5329325289817433	0.15	0.9108182317408018	cosine	doc2vec_wiki_all	/home/philipp/projects/dad4td/models/enwiki_dbow/doc2vec.bin	wiki_EN	doc2vec	16.0	0.15504682622268467	0.14796425024826215	0.1628415300546448	AE_30_tiny	43.0	1.0	9.140857813996263
136	0.1	UMAPModel(set_op_mix_ratio=[1.0], metric=['cosine'], n_components=[8, 16, 32], dim_reducer='umap')	1.0	100.0	1.0	0.6272663531775488	0.15	0.928830313014827	cosine	doc2vec_wiki_all	/home/philipp/projects/dad4td/models/enwiki_dbow/doc2vec.bin	wiki_EN	doc2vec	32.0	0.32570239334027057	0.31082423038728896	0.34207650273224044	AE_10_tiny	43.0	1.0	4.297306271968409
137	0.1	UMAPModel(set_op_mix_ratio=[1.0], metric=['cosine'], n_components=[8, 16, 32], dim_reducer='umap')	1.0	100.0	1.0	0.6146118157854286	0.15	0.9264140582097748	cosine	doc2vec_wiki_all	/home/philipp/projects/dad4td/models/enwiki_dbow/doc2vec.bin	wiki_EN	doc2vec	32.0	0.30280957336108216	0.28897715988083417	0.3180327868852459	AE_30_tiny	43.0	1.0	10.201351285970304
138	0.1	UMAPModel(set_op_mix_ratio=[1.0], metric=['cosine'], n_components=[8, 16, 32], dim_reducer='umap')	0.1	10.0	1.0	0.8786314822846648	0.15	0.9768259198242725	cosine	doc2vecwikiimdb20news011001	/home/philipp/projects/dad4td/models/doc2vec_20_news_imdb_wiki_01_10_min1/doc2vec_wiki.bin	wiki_EN	doc2vec	8.0	0.7804370447450573	0.7447864945382324	0.819672131147541	AE_10_tiny	43.0	1.0	6.955482479999773
139	0.1	UMAPModel(set_op_mix_ratio=[1.0], metric=['cosine'], n_components=[8, 16, 32], dim_reducer='umap')	0.1	10.0	1.0	0.8786314822846648	0.15	0.9768259198242725	cosine	doc2vecwikiimdb20news011001	/home/philipp/projects/dad4td/models/doc2vec_20_news_imdb_wiki_01_10_min1/doc2vec_wiki.bin	wiki_EN	doc2vec	8.0	0.7804370447450573	0.7447864945382324	0.819672131147541	AE_30_tiny	43.0	1.0	11.617477877996862
140	0.1	UMAPModel(set_op_mix_ratio=[1.0], metric=['cosine'], n_components=[8, 16, 32], dim_reducer='umap')	0.1	10.0	1.0	0.8084563203829069	0.15	0.9634266886326194	cosine	doc2vecwikiimdb20news011001	/home/philipp/projects/dad4td/models/doc2vec_20_news_imdb_wiki_01_10_min1/doc2vec_wiki.bin	wiki_EN	doc2vec	16.0	0.6534859521331945	0.6236345580933466	0.6863387978142077	AE_10_tiny	43.0	1.0	5.185343834978994
141	0.1	UMAPModel(set_op_mix_ratio=[1.0], metric=['cosine'], n_components=[8, 16, 32], dim_reducer='umap')	0.1	10.0	1.0	0.8073059078927143	0.15	0.9632070291048874	cosine	doc2vecwikiimdb20news011001	/home/philipp/projects/dad4td/models/doc2vec_20_news_imdb_wiki_01_10_min1/doc2vec_wiki.bin	wiki_EN	doc2vec	16.0	0.6514047866805411	0.6216484607745779	0.6841530054644809	AE_30_tiny	43.0	1.0	11.355871726002079
142	0.1	UMAPModel(set_op_mix_ratio=[1.0], metric=['cosine'], n_components=[8, 16, 32], dim_reducer='umap')	0.1	10.0	1.0	0.817659620304449	0.15	0.9651839648544757	cosine	doc2vecwikiimdb20news011001	/home/philipp/projects/dad4td/models/doc2vec_20_news_imdb_wiki_01_10_min1/doc2vec_wiki.bin	wiki_EN	doc2vec	32.0	0.6701352757544226	0.6395233366434955	0.7038251366120218	AE_10_tiny	43.0	1.0	5.171050657983869
143	0.1	UMAPModel(set_op_mix_ratio=[1.0], metric=['cosine'], n_components=[8, 16, 32], dim_reducer='umap')	0.1	10.0	1.0	0.8182348265495454	0.15	0.9652937946183416	cosine	doc2vecwikiimdb20news011001	/home/philipp/projects/dad4td/models/doc2vec_20_news_imdb_wiki_01_10_min1/doc2vec_wiki.bin	wiki_EN	doc2vec	32.0	0.6711758584807491	0.6405163853028798	0.7049180327868853	AE_30_tiny	43.0	1.0	12.059320836968254
144	0.1	UMAPModel(set_op_mix_ratio=[1.0], metric=['cosine'], n_components=[8, 16, 32], dim_reducer='umap')	1.0	100.0	1.0	0.9511074691668081	0.15	0.9906644700713894	cosine	doc2vecapnews	/home/philipp/projects/dad4td/models/apnews_dbow/doc2vec.bin	apnews	doc2vec	8.0	0.9115504682622269	0.8699106256206555	0.9573770491803278	AE_10_tiny	44.0	1.0	4.4232779330341145
145	0.1	UMAPModel(set_op_mix_ratio=[1.0], metric=['cosine'], n_components=[8, 16, 32], dim_reducer='umap')	1.0	100.0	1.0	0.9511074691668081	0.15	0.9906644700713894	cosine	doc2vecapnews	/home/philipp/projects/dad4td/models/apnews_dbow/doc2vec.bin	apnews	doc2vec	8.0	0.9115504682622269	0.8699106256206555	0.9573770491803278	AE_30_tiny	44.0	1.0	9.720093747018836
146	0.1	UMAPModel(set_op_mix_ratio=[1.0], metric=['cosine'], n_components=[8, 16, 32], dim_reducer='umap')	1.0	100.0	1.0	0.9539835003922899	0.15	0.9912136188907192	cosine	doc2vecapnews	/home/philipp/projects/dad4td/models/apnews_dbow/doc2vec.bin	apnews	doc2vec	16.0	0.9167533818938606	0.874875868917577	0.9628415300546448	AE_10_tiny	44.0	1.0	4.017741141957231
147	0.1	UMAPModel(set_op_mix_ratio=[1.0], metric=['cosine'], n_components=[8, 16, 32], dim_reducer='umap')	1.0	100.0	1.0	0.9539835003922899	0.15	0.9912136188907192	cosine	doc2vecapnews	/home/philipp/projects/dad4td/models/apnews_dbow/doc2vec.bin	apnews	doc2vec	16.0	0.9167533818938606	0.874875868917577	0.9628415300546448	AE_30_tiny	44.0	1.0	9.397021474025678
148	0.1	UMAPModel(set_op_mix_ratio=[1.0], metric=['cosine'], n_components=[8, 16, 32], dim_reducer='umap')	1.0	100.0	1.0	0.9511074691668081	0.15	0.9906644700713894	cosine	doc2vecapnews	/home/philipp/projects/dad4td/models/apnews_dbow/doc2vec.bin	apnews	doc2vec	32.0	0.9115504682622269	0.8699106256206555	0.9573770491803278	AE_10_tiny	44.0	1.0	4.231603268010076
149	0.1	UMAPModel(set_op_mix_ratio=[1.0], metric=['cosine'], n_components=[8, 16, 32], dim_reducer='umap')	1.0	100.0	1.0	0.9511074691668081	0.15	0.9906644700713894	cosine	doc2vecapnews	/home/philipp/projects/dad4td/models/apnews_dbow/doc2vec.bin	apnews	doc2vec	32.0	0.9115504682622269	0.8699106256206555	0.9573770491803278	AE_30_tiny	44.0	1.0	10.82075023901416
150	0.1	UMAPModel(set_op_mix_ratio=[1.0], metric=['cosine'], n_components=[8, 16, 32], dim_reducer='umap')	1.0	100.0	1.0	0.9298248380982421	0.15	0.986600768808347	cosine	doc2vec_wiki_all	/home/philipp/projects/dad4td/models/enwiki_dbow/doc2vec.bin	wiki_EN	doc2vec	8.0	0.8730489073881373	0.8331678252234359	0.9169398907103825	AE_10_tiny	44.0	1.0	4.203270253026858
151	0.1	UMAPModel(set_op_mix_ratio=[1.0], metric=['cosine'], n_components=[8, 16, 32], dim_reducer='umap')	1.0	100.0	1.0	0.937302519284495	0.15	0.9880285557386052	cosine	doc2vec_wiki_all	/home/philipp/projects/dad4td/models/enwiki_dbow/doc2vec.bin	wiki_EN	doc2vec	8.0	0.8865764828303849	0.846077457795432	0.9311475409836065	AE_30_tiny	44.0	1.0	9.325240222038701
152	0.1	UMAPModel(set_op_mix_ratio=[1.0], metric=['cosine'], n_components=[8, 16, 32], dim_reducer='umap')	1.0	100.0	1.0	0.5542151600503091	0.15	0.9148819330038441	cosine	doc2vec_wiki_all	/home/philipp/projects/dad4td/models/enwiki_dbow/doc2vec.bin	wiki_EN	doc2vec	16.0	0.1935483870967742	0.18470705064548162	0.20327868852459016	AE_10_tiny	44.0	1.0	4.042414608004037
153	0.1	UMAPModel(set_op_mix_ratio=[1.0], metric=['cosine'], n_components=[8, 16, 32], dim_reducer='umap')	1.0	100.0	1.0	0.5628432537267548	0.15	0.9165293794618342	cosine	doc2vec_wiki_all	/home/philipp/projects/dad4td/models/enwiki_dbow/doc2vec.bin	wiki_EN	doc2vec	16.0	0.20915712799167532	0.19960278053624628	0.21967213114754097	AE_30_tiny	44.0	1.0	9.953387014975306
154	0.1	UMAPModel(set_op_mix_ratio=[1.0], metric=['cosine'], n_components=[8, 16, 32], dim_reducer='umap')	1.0	100.0	1.0	0.8774810697944722	0.15	0.9766062602965404	cosine	doc2vec_wiki_all	/home/philipp/projects/dad4td/models/enwiki_dbow/doc2vec.bin	wiki_EN	doc2vec	32.0	0.7783558792924038	0.7428003972194638	0.8174863387978142	AE_10_tiny	44.0	1.0	4.4193699870374985
155	0.1	UMAPModel(set_op_mix_ratio=[1.0], metric=['cosine'], n_components=[8, 16, 32], dim_reducer='umap')	1.0	100.0	1.0	0.8780562760395685	0.15	0.9767160900604063	cosine	doc2vec_wiki_all	/home/philipp/projects/dad4td/models/enwiki_dbow/doc2vec.bin	wiki_EN	doc2vec	32.0	0.7793964620187306	0.7437934458788481	0.8185792349726776	AE_30_tiny	44.0	1.0	10.759325470018666
156	0.1	UMAPModel(set_op_mix_ratio=[1.0], metric=['cosine'], n_components=[8, 16, 32], dim_reducer='umap')	0.1	10.0	1.0	0.8533224075004243	0.15	0.9719934102141681	cosine	doc2vecwikiimdb20news011001	/home/philipp/projects/dad4td/models/doc2vec_20_news_imdb_wiki_01_10_min1/doc2vec_wiki.bin	wiki_EN	doc2vec	8.0	0.7346514047866806	0.7010923535253227	0.7715846994535519	AE_10_tiny	44.0	1.0	8.240227188973222
157	0.1	UMAPModel(set_op_mix_ratio=[1.0], metric=['cosine'], n_components=[8, 16, 32], dim_reducer='umap')	0.1	10.0	1.0	0.8556232324808097	0.15	0.9724327292696321	cosine	doc2vecwikiimdb20news011001	/home/philipp/projects/dad4td/models/doc2vec_20_news_imdb_wiki_01_10_min1/doc2vec_wiki.bin	wiki_EN	doc2vec	8.0	0.7388137356919875	0.70506454816286	0.7759562841530054	AE_30_tiny	44.0	1.0	12.240924515004735
158	0.1	UMAPModel(set_op_mix_ratio=[1.0], metric=['cosine'], n_components=[8, 16, 32], dim_reducer='umap')	0.1	10.0	1.0	0.8861091634709177	0.15	0.9782537067545305	cosine	doc2vecwikiimdb20news011001	/home/philipp/projects/dad4td/models/doc2vec_20_news_imdb_wiki_01_10_min1/doc2vec_wiki.bin	wiki_EN	doc2vec	16.0	0.793964620187305	0.7576961271102284	0.833879781420765	AE_10_tiny	44.0	1.0	5.796525636978913
159	0.1	UMAPModel(set_op_mix_ratio=[1.0], metric=['cosine'], n_components=[8, 16, 32], dim_reducer='umap')	0.1	10.0	1.0	0.8889851946963996	0.15	0.9788028555738605	cosine	doc2vecwikiimdb20news011001	/home/philipp/projects/dad4td/models/doc2vec_20_news_imdb_wiki_01_10_min1/doc2vec_wiki.bin	wiki_EN	doc2vec	16.0	0.7991675338189387	0.76266137040715	0.839344262295082	AE_30_tiny	44.0	1.0	12.650290773948655
160	0.1	UMAPModel(set_op_mix_ratio=[1.0], metric=['cosine'], n_components=[8, 16, 32], dim_reducer='umap')	0.1	10.0	1.0	0.8728794198337011	0.15	0.9757276221856123	cosine	doc2vecwikiimdb20news011001	/home/philipp/projects/dad4td/models/doc2vec_20_news_imdb_wiki_01_10_min1/doc2vec_wiki.bin	wiki_EN	doc2vec	32.0	0.7700312174817898	0.7348560079443893	0.8087431693989071	AE_10_tiny	44.0	1.0	5.274108671990689
161	0.1	UMAPModel(set_op_mix_ratio=[1.0], metric=['cosine'], n_components=[8, 16, 32], dim_reducer='umap')	0.1	10.0	1.0	0.8717290073435082	0.15	0.9755079626578803	cosine	doc2vecwikiimdb20news011001	/home/philipp/projects/dad4td/models/doc2vec_20_news_imdb_wiki_01_10_min1/doc2vec_wiki.bin	wiki_EN	doc2vec	32.0	0.7679500520291362	0.7328699106256207	0.8065573770491803	AE_30_tiny	44.0	1.0	12.152687903027982
162	0.1	UMAPModel(set_op_mix_ratio=[1.0], metric=['cosine'], n_components=[8, 16, 32], dim_reducer='umap')	1.0	100.0	1.0	0.95535504343306	0.2	0.9914748156995182	cosine	doc2vecapnews	/home/philipp/projects/dad4td/models/apnews_dbow/doc2vec.bin	apnews	doc2vec	8.0	0.9192352711666016	0.8771407297096053	0.9655737704918033	AE_10_tiny	42.0	1.0	5.454699788999278
163	0.1	UMAPModel(set_op_mix_ratio=[1.0], metric=['cosine'], n_components=[8, 16, 32], dim_reducer='umap')	1.0	100.0	1.0	0.95535504343306	0.2	0.9914748156995182	cosine	doc2vecapnews	/home/philipp/projects/dad4td/models/apnews_dbow/doc2vec.bin	apnews	doc2vec	8.0	0.9192352711666016	0.8771407297096053	0.9655737704918033	AE_30_tiny	42.0	1.0	12.84832531097345
164	0.1	UMAPModel(set_op_mix_ratio=[1.0], metric=['cosine'], n_components=[8, 16, 32], dim_reducer='umap')	1.0	100.0	1.0	0.9445712374990165	0.2	0.9894155924385323	cosine	doc2vecapnews	/home/philipp/projects/dad4td/models/apnews_dbow/doc2vec.bin	apnews	doc2vec	16.0	0.8997268825595006	0.8585256887565152	0.9450819672131148	AE_10_tiny	42.0	1.0	5.42445733200293
165	0.1	UMAPModel(set_op_mix_ratio=[1.0], metric=['cosine'], n_components=[8, 16, 32], dim_reducer='umap')	1.0	100.0	1.0	0.9441398852616547	0.2	0.9893332235080928	cosine	doc2vecapnews	/home/philipp/projects/dad4td/models/apnews_dbow/doc2vec.bin	apnews	doc2vec	16.0	0.8989465470152166	0.8577810871183916	0.9442622950819672	AE_30_tiny	42.0	1.0	13.133943300985266
166	0.1	UMAPModel(set_op_mix_ratio=[1.0], metric=['cosine'], n_components=[8, 16, 32], dim_reducer='umap')	1.0	100.0	1.0	0.9432771807869311	0.2	0.9891684856472138	cosine	doc2vecapnews	/home/philipp/projects/dad4td/models/apnews_dbow/doc2vec.bin	apnews	doc2vec	32.0	0.8973858759266485	0.8562918838421445	0.9426229508196722	AE_10_tiny	42.0	1.0	5.827011206012685
167	0.1	UMAPModel(set_op_mix_ratio=[1.0], metric=['cosine'], n_components=[8, 16, 32], dim_reducer='umap')	1.0	100.0	1.0	0.9445712374990165	0.2	0.9894155924385323	cosine	doc2vecapnews	/home/philipp/projects/dad4td/models/apnews_dbow/doc2vec.bin	apnews	doc2vec	32.0	0.8997268825595006	0.8585256887565152	0.9450819672131148	AE_30_tiny	42.0	1.0	14.328169079031795
168	0.1	UMAPModel(set_op_mix_ratio=[1.0], metric=['cosine'], n_components=[8, 16, 32], dim_reducer='umap')	1.0	100.0	1.0	0.6823090771830783	0.2	0.9393352827313537	cosine	doc2vec_wiki_all	/home/philipp/projects/dad4td/models/enwiki_dbow/doc2vec.bin	wiki_EN	doc2vec	8.0	0.425282871634803	0.4058078927773641	0.44672131147540983	AE_10_tiny	42.0	1.0	5.444569695973769
169	0.1	UMAPModel(set_op_mix_ratio=[1.0], metric=['cosine'], n_components=[8, 16, 32], dim_reducer='umap')	1.0	100.0	1.0	0.4951022061680831	0.2	0.9035871669206375	cosine	doc2vec_wiki_all	/home/philipp/projects/dad4td/models/enwiki_dbow/doc2vec.bin	wiki_EN	doc2vec	8.0	0.08661724541552868	0.08265078183172003	0.09098360655737706	AE_30_tiny	42.0	1.0	13.438055014994461
170	0.1	UMAPModel(set_op_mix_ratio=[1.0], metric=['cosine'], n_components=[8, 16, 32], dim_reducer='umap')	1.0	100.0	1.0	0.7081902114247828	0.2	0.94427741855772	cosine	doc2vec_wiki_all	/home/philipp/projects/dad4td/models/enwiki_dbow/doc2vec.bin	wiki_EN	doc2vec	16.0	0.47210300429184554	0.4504839910647803	0.4959016393442623	AE_10_tiny	42.0	1.0	5.427880056027789
171	0.1	UMAPModel(set_op_mix_ratio=[1.0], metric=['cosine'], n_components=[8, 16, 32], dim_reducer='umap')	1.0	100.0	1.0	0.7043080412885272	0.2	0.9435360981837652	cosine	doc2vec_wiki_all	/home/philipp/projects/dad4td/models/enwiki_dbow/doc2vec.bin	wiki_EN	doc2vec	16.0	0.4650799843932891	0.4437825763216679	0.4885245901639344	AE_30_tiny	42.0	1.0	14.237666503991932
172	0.1	UMAPModel(set_op_mix_ratio=[1.0], metric=['cosine'], n_components=[8, 16, 32], dim_reducer='umap')	1.0	100.0	1.0	0.7953233633718544	0.2	0.9609159425064866	cosine	doc2vec_wiki_all	/home/philipp/projects/dad4td/models/enwiki_dbow/doc2vec.bin	wiki_EN	doc2vec	32.0	0.6297307842372221	0.6008935219657483	0.6614754098360656	AE_10_tiny	42.0	1.0	5.990749158023391
173	0.1	UMAPModel(set_op_mix_ratio=[1.0], metric=['cosine'], n_components=[8, 16, 32], dim_reducer='umap')	1.0	100.0	1.0	0.7961860678465777	0.2	0.9610806803673654	cosine	doc2vec_wiki_all	/home/philipp/projects/dad4td/models/enwiki_dbow/doc2vec.bin	wiki_EN	doc2vec	32.0	0.63129145532579	0.6023827252419955	0.6631147540983606	AE_30_tiny	42.0	1.0	14.9591850740253
174	0.1	UMAPModel(set_op_mix_ratio=[1.0], metric=['cosine'], n_components=[8, 16, 32], dim_reducer='umap')	0.1	10.0	1.0	0.7905784887608751	0.2	0.9600098842716527	cosine	doc2vecwikiimdb20news011001	/home/philipp/projects/dad4td/models/doc2vec_20_news_imdb_wiki_01_10_min1/doc2vec_wiki.bin	wiki_EN	doc2vec	8.0	0.6211470932500975	0.5927029039463887	0.6524590163934426	AE_10_tiny	42.0	1.0	9.071473377989605
175	0.1	UMAPModel(set_op_mix_ratio=[1.0], metric=['cosine'], n_components=[8, 16, 32], dim_reducer='umap')	0.1	10.0	1.0	0.795754715609216	0.2	0.9609983114369259	cosine	doc2vecwikiimdb20news011001	/home/philipp/projects/dad4td/models/doc2vec_20_news_imdb_wiki_01_10_min1/doc2vec_wiki.bin	wiki_EN	doc2vec	8.0	0.630511119781506	0.6016381236038719	0.6622950819672131	AE_30_tiny	42.0	1.0	14.6907412870205
176	0.1	UMAPModel(set_op_mix_ratio=[1.0], metric=['cosine'], n_components=[8, 16, 32], dim_reducer='umap')	0.1	10.0	1.0	0.8910835600661606	0.2	0.9792018450640418	cosine	doc2vecwikiimdb20news011001	/home/philipp/projects/dad4td/models/doc2vec_20_news_imdb_wiki_01_10_min1/doc2vec_wiki.bin	wiki_EN	doc2vec	16.0	0.8029652750682793	0.7661950856291884	0.8434426229508196	AE_10_tiny	42.0	1.0	6.077257738972548
177	0.1	UMAPModel(set_op_mix_ratio=[1.0], metric=['cosine'], n_components=[8, 16, 32], dim_reducer='umap')	0.1	10.0	1.0	0.8958284346771397	0.2	0.9801079032988756	cosine	doc2vecwikiimdb20news011001	/home/philipp/projects/dad4td/models/doc2vec_20_news_imdb_wiki_01_10_min1/doc2vec_wiki.bin	wiki_EN	doc2vec	16.0	0.8115489660554036	0.774385703648548	0.8524590163934426	AE_30_tiny	42.0	1.0	13.40797202597605
178	0.1	UMAPModel(set_op_mix_ratio=[1.0], metric=['cosine'], n_components=[8, 16, 32], dim_reducer='umap')	0.1	10.0	1.0	0.9044554794243744	0.2	0.9817552819076644	cosine	doc2vecwikiimdb20news011001	/home/philipp/projects/dad4td/models/doc2vec_20_news_imdb_wiki_01_10_min1/doc2vec_wiki.bin	wiki_EN	doc2vec	32.0	0.8271556769410846	0.7892777364110201	0.8688524590163934	AE_10_tiny	42.0	1.0	6.4722856290172786
179	0.1	UMAPModel(set_op_mix_ratio=[1.0], metric=['cosine'], n_components=[8, 16, 32], dim_reducer='umap')	0.1	10.0	1.0	0.9044554794243744	0.2	0.9817552819076644	cosine	doc2vecwikiimdb20news011001	/home/philipp/projects/dad4td/models/doc2vec_20_news_imdb_wiki_01_10_min1/doc2vec_wiki.bin	wiki_EN	doc2vec	32.0	0.8271556769410846	0.7892777364110201	0.8688524590163934	AE_30_tiny	42.0	1.0	15.56155701103853
180	0.1	UMAPModel(set_op_mix_ratio=[1.0], metric=['cosine'], n_components=[8, 16, 32], dim_reducer='umap')	1.0	100.0	1.0	0.9428458285495693	0.2	0.9890861167167744	cosine	doc2vecapnews	/home/philipp/projects/dad4td/models/apnews_dbow/doc2vec.bin	apnews	doc2vec	8.0	0.8966055403823643	0.8555472822040209	0.9418032786885245	AE_10_tiny	43.0	1.0	5.922867337998468
181	0.1	UMAPModel(set_op_mix_ratio=[1.0], metric=['cosine'], n_components=[8, 16, 32], dim_reducer='umap')	1.0	100.0	1.0	0.9428458285495693	0.2	0.9890861167167744	cosine	doc2vecapnews	/home/philipp/projects/dad4td/models/apnews_dbow/doc2vec.bin	apnews	doc2vec	8.0	0.8966055403823643	0.8555472822040209	0.9418032786885245	AE_30_tiny	43.0	1.0	12.7708766470314
182	0.1	UMAPModel(set_op_mix_ratio=[1.0], metric=['cosine'], n_components=[8, 16, 32], dim_reducer='umap')	1.0	100.0	1.0	0.9381009539385903	0.2	0.9881800584819406	cosine	doc2vecapnews	/home/philipp/projects/dad4td/models/apnews_dbow/doc2vec.bin	apnews	doc2vec	16.0	0.88802184939524	0.8473566641846612	0.9327868852459016	AE_10_tiny	43.0	1.0	5.443126210011542
183	0.1	UMAPModel(set_op_mix_ratio=[1.0], metric=['cosine'], n_components=[8, 16, 32], dim_reducer='umap')	1.0	100.0	1.0	0.9381009539385903	0.2	0.9881800584819406	cosine	doc2vecapnews	/home/philipp/projects/dad4td/models/apnews_dbow/doc2vec.bin	apnews	doc2vec	16.0	0.88802184939524	0.8473566641846612	0.9327868852459016	AE_30_tiny	43.0	1.0	14.816929759981576
184	0.1	UMAPModel(set_op_mix_ratio=[1.0], metric=['cosine'], n_components=[8, 16, 32], dim_reducer='umap')	1.0	100.0	1.0	0.9432771807869311	0.2	0.9891684856472138	cosine	doc2vecapnews	/home/philipp/projects/dad4td/models/apnews_dbow/doc2vec.bin	apnews	doc2vec	32.0	0.8973858759266485	0.8562918838421445	0.9426229508196722	AE_10_tiny	43.0	1.0	5.781796797004063
185	0.1	UMAPModel(set_op_mix_ratio=[1.0], metric=['cosine'], n_components=[8, 16, 32], dim_reducer='umap')	1.0	100.0	1.0	0.9432771807869311	0.2	0.9891684856472138	cosine	doc2vecapnews	/home/philipp/projects/dad4td/models/apnews_dbow/doc2vec.bin	apnews	doc2vec	32.0	0.8973858759266485	0.8562918838421445	0.9426229508196722	AE_30_tiny	43.0	1.0	13.456897214986384
186	0.1	UMAPModel(set_op_mix_ratio=[1.0], metric=['cosine'], n_components=[8, 16, 32], dim_reducer='umap')	1.0	100.0	1.0	0.6344289788359252	0.2	0.9301923314525762	cosine	doc2vec_wiki_all	/home/philipp/projects/dad4td/models/enwiki_dbow/doc2vec.bin	wiki_EN	doc2vec	8.0	0.33866562621927426	0.3231571109456441	0.3557377049180328	AE_10_tiny	43.0	1.0	4.8173197729629464
187	0.1	UMAPModel(set_op_mix_ratio=[1.0], metric=['cosine'], n_components=[8, 16, 32], dim_reducer='umap')	1.0	100.0	1.0	0.6305468086996695	0.2	0.9294510110786212	cosine	doc2vec_wiki_all	/home/philipp/projects/dad4td/models/enwiki_dbow/doc2vec.bin	wiki_EN	doc2vec	8.0	0.3316426063207179	0.31645569620253167	0.3483606557377049	AE_30_tiny	43.0	1.0	11.993935958016664
188	0.1	UMAPModel(set_op_mix_ratio=[1.0], metric=['cosine'], n_components=[8, 16, 32], dim_reducer='umap')	1.0	100.0	1.0	0.5020038419658709	0.2	0.9049050698076685	cosine	doc2vec_wiki_all	/home/philipp/projects/dad4td/models/enwiki_dbow/doc2vec.bin	wiki_EN	doc2vec	16.0	0.09910261412407335	0.09456440804169769	0.1040983606557377	AE_10_tiny	43.0	1.0	5.405517894017976
189	0.1	UMAPModel(set_op_mix_ratio=[1.0], metric=['cosine'], n_components=[8, 16, 32], dim_reducer='umap')	1.0	100.0	1.0	0.4938081494559979	0.2	0.9033400601293192	cosine	doc2vec_wiki_all	/home/philipp/projects/dad4td/models/enwiki_dbow/doc2vec.bin	wiki_EN	doc2vec	16.0	0.08427623878267655	0.08041697691734921	0.08852459016393442	AE_30_tiny	43.0	1.0	13.202924162964337
190	0.1	UMAPModel(set_op_mix_ratio=[1.0], metric=['cosine'], n_components=[8, 16, 32], dim_reducer='umap')	1.0	100.0	1.0	0.4480848122956534	0.2	0.8946089535027387	cosine	doc2vec_wiki_all	/home/philipp/projects/dad4td/models/enwiki_dbow/doc2vec.bin	wiki_EN	doc2vec	32.0	0.0015606710885680843	0.0014892032762472078	0.001639344262295082	AE_10_tiny	43.0	1.0	5.81360631796997
191	0.1	UMAPModel(set_op_mix_ratio=[1.0], metric=['cosine'], n_components=[8, 16, 32], dim_reducer='umap')	1.0	100.0	1.0	0.4480848122956534	0.2	0.8946089535027387	cosine	doc2vec_wiki_all	/home/philipp/projects/dad4td/models/enwiki_dbow/doc2vec.bin	wiki_EN	doc2vec	32.0	0.0015606710885680843	0.0014892032762472078	0.001639344262295082	AE_30_tiny	43.0	1.0	14.217874833964743
192	0.1	UMAPModel(set_op_mix_ratio=[1.0], metric=['cosine'], n_components=[8, 16, 32], dim_reducer='umap')	0.1	10.0	1.0	0.8496737452794336	0.2	0.9712944277418558	cosine	doc2vecwikiimdb20news011001	/home/philipp/projects/dad4td/models/doc2vec_20_news_imdb_wiki_01_10_min1/doc2vec_wiki.bin	wiki_EN	doc2vec	8.0	0.7280530628170113	0.6947133283693224	0.7647540983606558	AE_10_tiny	43.0	1.0	9.1789239589707
193	0.1	UMAPModel(set_op_mix_ratio=[1.0], metric=['cosine'], n_components=[8, 16, 32], dim_reducer='umap')	0.1	10.0	1.0	0.8677905392486266	0.2	0.9747539228203121	cosine	doc2vecwikiimdb20news011001	/home/philipp/projects/dad4td/models/doc2vec_20_news_imdb_wiki_01_10_min1/doc2vec_wiki.bin	wiki_EN	doc2vec	8.0	0.760827155676941	0.7259865971705137	0.7991803278688525	AE_30_tiny	43.0	1.0	14.481577094004024
194	0.1	UMAPModel(set_op_mix_ratio=[1.0], metric=['cosine'], n_components=[8, 16, 32], dim_reducer='umap')	0.1	10.0	1.0	0.857006733314583	0.2	0.9726946995593261	cosine	doc2vecwikiimdb20news011001	/home/philipp/projects/dad4td/models/doc2vec_20_news_imdb_wiki_01_10_min1/doc2vec_wiki.bin	wiki_EN	doc2vec	16.0	0.74131876706984	0.7073715562174236	0.7786885245901639	AE_10_tiny	43.0	1.0	5.990231710020453
195	0.1	UMAPModel(set_op_mix_ratio=[1.0], metric=['cosine'], n_components=[8, 16, 32], dim_reducer='umap')	0.1	10.0	1.0	0.8548499721277745	0.2	0.972282854907129	cosine	doc2vecwikiimdb20news011001	/home/philipp/projects/dad4td/models/doc2vec_20_news_imdb_wiki_01_10_min1/doc2vec_wiki.bin	wiki_EN	doc2vec	16.0	0.7374170893484199	0.7036485480268057	0.7745901639344263	AE_30_tiny	43.0	1.0	14.801087647036184
196	0.1	UMAPModel(set_op_mix_ratio=[1.0], metric=['cosine'], n_components=[8, 16, 32], dim_reducer='umap')	0.1	10.0	1.0	0.8337137124970492	0.2	0.9682467773155966	cosine	doc2vecwikiimdb20news011001	/home/philipp/projects/dad4td/models/doc2vec_20_news_imdb_wiki_01_10_min1/doc2vec_wiki.bin	wiki_EN	doc2vec	32.0	0.6991806476785017	0.6671630677587491	0.7344262295081967	AE_10_tiny	43.0	1.0	6.390661798010115
197	0.1	UMAPModel(set_op_mix_ratio=[1.0], metric=['cosine'], n_components=[8, 16, 32], dim_reducer='umap')	0.1	10.0	1.0	0.8337137124970492	0.2	0.9682467773155966	cosine	doc2vecwikiimdb20news011001	/home/philipp/projects/dad4td/models/doc2vec_20_news_imdb_wiki_01_10_min1/doc2vec_wiki.bin	wiki_EN	doc2vec	32.0	0.6991806476785017	0.6671630677587491	0.7344262295081967	AE_30_tiny	43.0	1.0	17.602663718978874
198	0.1	UMAPModel(set_op_mix_ratio=[1.0], metric=['cosine'], n_components=[8, 16, 32], dim_reducer='umap')	1.0	100.0	1.0	0.9527669300088895	0.2	0.9909806021168814	cosine	doc2vecapnews	/home/philipp/projects/dad4td/models/apnews_dbow/doc2vec.bin	apnews	doc2vec	8.0	0.9145532579008975	0.8726731198808637	0.9606557377049181	AE_10_tiny	44.0	1.0	5.300594141008332
199	0.1	UMAPModel(set_op_mix_ratio=[1.0], metric=['cosine'], n_components=[8, 16, 32], dim_reducer='umap')	1.0	100.0	1.0	0.9527669300088895	0.2	0.9909806021168814	cosine	doc2vecapnews	/home/philipp/projects/dad4td/models/apnews_dbow/doc2vec.bin	apnews	doc2vec	8.0	0.9145532579008975	0.8726731198808637	0.9606557377049181	AE_30_tiny	44.0	1.0	12.796564224991016
200	0.1	UMAPModel(set_op_mix_ratio=[1.0], metric=['cosine'], n_components=[8, 16, 32], dim_reducer='umap')	1.0	100.0	1.0	0.9527669300088895	0.2	0.9909806021168814	cosine	doc2vecapnews	/home/philipp/projects/dad4td/models/apnews_dbow/doc2vec.bin	apnews	doc2vec	16.0	0.9145532579008975	0.8726731198808637	0.9606557377049181	AE_10_tiny	44.0	1.0	5.533930621983018
201	0.1	UMAPModel(set_op_mix_ratio=[1.0], metric=['cosine'], n_components=[8, 16, 32], dim_reducer='umap')	1.0	100.0	1.0	0.9527669300088895	0.2	0.9909806021168814	cosine	doc2vecapnews	/home/philipp/projects/dad4td/models/apnews_dbow/doc2vec.bin	apnews	doc2vec	16.0	0.9145532579008975	0.8726731198808637	0.9606557377049181	AE_30_tiny	44.0	1.0	12.484864764963277
202	0.1	UMAPModel(set_op_mix_ratio=[1.0], metric=['cosine'], n_components=[8, 16, 32], dim_reducer='umap')	1.0	100.0	1.0	0.9527669300088895	0.2	0.9909806021168814	cosine	doc2vecapnews	/home/philipp/projects/dad4td/models/apnews_dbow/doc2vec.bin	apnews	doc2vec	32.0	0.9145532579008975	0.8726731198808637	0.9606557377049181	AE_10_tiny	44.0	1.0	6.017497536959127
203	0.1	UMAPModel(set_op_mix_ratio=[1.0], metric=['cosine'], n_components=[8, 16, 32], dim_reducer='umap')	1.0	100.0	1.0	0.9527669300088895	0.2	0.9909806021168814	cosine	doc2vecapnews	/home/philipp/projects/dad4td/models/apnews_dbow/doc2vec.bin	apnews	doc2vec	32.0	0.9145532579008975	0.8726731198808637	0.9606557377049181	AE_30_tiny	44.0	1.0	15.020234186027665
204	0.1	UMAPModel(set_op_mix_ratio=[1.0], metric=['cosine'], n_components=[8, 16, 32], dim_reducer='umap')	1.0	100.0	1.0	0.6784269070468227	0.2	0.9385939623573989	cosine	doc2vec_wiki_all	/home/philipp/projects/dad4td/models/enwiki_dbow/doc2vec.bin	wiki_EN	doc2vec	8.0	0.41825985173624664	0.3991064780342517	0.43934426229508194	AE_10_tiny	44.0	1.0	4.958811826014426
205	0.1	UMAPModel(set_op_mix_ratio=[1.0], metric=['cosine'], n_components=[8, 16, 32], dim_reducer='umap')	1.0	100.0	1.0	0.6913674741676749	0.2	0.9410650302705819	cosine	doc2vec_wiki_all	/home/philipp/projects/dad4td/models/enwiki_dbow/doc2vec.bin	wiki_EN	doc2vec	8.0	0.44166991806476785	0.42144452717795977	0.4639344262295082	AE_30_tiny	44.0	1.0	12.153832219017204
206	0.1	UMAPModel(set_op_mix_ratio=[1.0], metric=['cosine'], n_components=[8, 16, 32], dim_reducer='umap')	1.0	100.0	1.0	0.8876327421672665	0.2	0.9785428936205263	cosine	doc2vec_wiki_all	/home/philipp/projects/dad4td/models/enwiki_dbow/doc2vec.bin	wiki_EN	doc2vec	16.0	0.7967225907140069	0.7602382725241995	0.8368852459016394	AE_10_tiny	44.0	1.0	4.983025036985055
207	0.1	UMAPModel(set_op_mix_ratio=[1.0], metric=['cosine'], n_components=[8, 16, 32], dim_reducer='umap')	1.0	100.0	1.0	0.8811624586068405	0.2	0.9773073596639348	cosine	doc2vec_wiki_all	/home/philipp/projects/dad4td/models/enwiki_dbow/doc2vec.bin	wiki_EN	doc2vec	16.0	0.7850175575497463	0.7490692479523455	0.8245901639344262	AE_30_tiny	44.0	1.0	12.496190481004305
208	0.1	UMAPModel(set_op_mix_ratio=[1.0], metric=['cosine'], n_components=[8, 16, 32], dim_reducer='umap')	1.0	100.0	1.0	0.9096317062727155	0.2	0.9827437090729377	cosine	doc2vec_wiki_all	/home/philipp/projects/dad4td/models/enwiki_dbow/doc2vec.bin	wiki_EN	doc2vec	32.0	0.8365197034724933	0.7982129560685034	0.8786885245901639	AE_10_tiny	44.0	1.0	5.232102253998164
209	0.1	UMAPModel(set_op_mix_ratio=[1.0], metric=['cosine'], n_components=[8, 16, 32], dim_reducer='umap')	1.0	100.0	1.0	0.9122198196968858	0.2	0.9832379226555743	cosine	doc2vec_wiki_all	/home/philipp/projects/dad4td/models/enwiki_dbow/doc2vec.bin	wiki_EN	doc2vec	32.0	0.8412017167381974	0.802680565897245	0.8836065573770492	AE_30_tiny	44.0	1.0	12.715700581029523
210	0.1	UMAPModel(set_op_mix_ratio=[1.0], metric=['cosine'], n_components=[8, 16, 32], dim_reducer='umap')	0.1	10.0	1.0	0.8496737452794336	0.2	0.9712944277418558	cosine	doc2vecwikiimdb20news011001	/home/philipp/projects/dad4td/models/doc2vec_20_news_imdb_wiki_01_10_min1/doc2vec_wiki.bin	wiki_EN	doc2vec	8.0	0.7280530628170113	0.6947133283693224	0.7647540983606558	AE_10_tiny	44.0	1.0	8.914868790016044
211	0.1	UMAPModel(set_op_mix_ratio=[1.0], metric=['cosine'], n_components=[8, 16, 32], dim_reducer='umap')	0.1	10.0	1.0	0.8548499721277745	0.2	0.972282854907129	cosine	doc2vecwikiimdb20news011001	/home/philipp/projects/dad4td/models/doc2vec_20_news_imdb_wiki_01_10_min1/doc2vec_wiki.bin	wiki_EN	doc2vec	8.0	0.7374170893484199	0.7036485480268057	0.7745901639344263	AE_30_tiny	44.0	1.0	14.225122665986419
212	0.1	UMAPModel(set_op_mix_ratio=[1.0], metric=['cosine'], n_components=[8, 16, 32], dim_reducer='umap')	0.1	10.0	1.0	0.8535559154156892	0.2	0.9720357481158106	cosine	doc2vecwikiimdb20news011001	/home/philipp/projects/dad4td/models/doc2vec_20_news_imdb_wiki_01_10_min1/doc2vec_wiki.bin	wiki_EN	doc2vec	16.0	0.7350760827155678	0.7014147431124349	0.7721311475409836	AE_10_tiny	44.0	1.0	5.958706975972746
213	0.1	UMAPModel(set_op_mix_ratio=[1.0], metric=['cosine'], n_components=[8, 16, 32], dim_reducer='umap')	0.1	10.0	1.0	0.8483796885673482	0.2	0.9710473209505375	cosine	doc2vecwikiimdb20news011001	/home/philipp/projects/dad4td/models/doc2vec_20_news_imdb_wiki_01_10_min1/doc2vec_wiki.bin	wiki_EN	doc2vec	16.0	0.7257120561841591	0.6924795234549516	0.7622950819672131	AE_30_tiny	44.0	1.0	13.031534699955955
214	0.1	UMAPModel(set_op_mix_ratio=[1.0], metric=['cosine'], n_components=[8, 16, 32], dim_reducer='umap')	0.1	10.0	1.0	0.8522618587036039	0.2	0.9717886413244924	cosine	doc2vecwikiimdb20news011001	/home/philipp/projects/dad4td/models/doc2vec_20_news_imdb_wiki_01_10_min1/doc2vec_wiki.bin	wiki_EN	doc2vec	32.0	0.7327350760827156	0.699180938198064	0.769672131147541	AE_10_tiny	44.0	1.0	6.261587996035814
215	0.1	UMAPModel(set_op_mix_ratio=[1.0], metric=['cosine'], n_components=[8, 16, 32], dim_reducer='umap')	0.1	10.0	1.0	0.8492423930420718	0.2	0.9712120588114164	cosine	doc2vecwikiimdb20news011001	/home/philipp/projects/dad4td/models/doc2vec_20_news_imdb_wiki_01_10_min1/doc2vec_wiki.bin	wiki_EN	doc2vec	32.0	0.7272727272727272	0.6939687267311988	0.7639344262295082	AE_30_tiny	44.0	1.0	16.568500400986522
